PLAYER_ID,PLAYER_NAME,TEAM_ABBREVIATION,AGE,GP,MIN,PTS,REB,AST,STL,BLK,TOV,FG_PCT,FG3_PCT,FT_PCT,OREB,DREB,OFF_RATING,DEF_RATING,NET_RATING,AST_PCT,AST_TO,AST_RATIO,OREB_PCT,DREB_PCT,REB_PCT,TM_TOV_PCT,EFG_PCT,TS_PCT,USG_PCT,PACE,PIE,POSITION
1630639,A.J. Lawson,TOR,24.0,26,18.7,9.1,3.3,1.2,0.5,0.2,0.6,0.421,0.327,0.683,0.8,2.5,109.7,111.1,-1.4,0.093,2.07,11.7,0.036,0.128,0.08,5.7,0.508,0.542,0.189,103.71,0.082,
1631260,AJ Green,MIL,25.0,73,22.7,7.4,2.4,1.5,0.5,0.1,0.5,0.429,0.427,0.815,0.2,2.1,114.0,107.6,6.4,0.086,2.7,18.6,0.011,0.087,0.051,6.9,0.612,0.621,0.123,100.84,0.058,
1642358,AJ Johnson,WAS,20.0,29,22.0,7.6,2.0,2.6,0.4,0.1,1.2,0.385,0.267,0.865,0.3,1.8,104.1,115.6,-11.5,0.178,2.17,22.3,0.011,0.073,0.042,10.3,0.441,0.48,0.173,100.83,0.053,
203932,Aaron Gordon,DEN,29.0,51,28.4,14.7,4.8,3.2,0.5,0.3,1.4,0.531,0.436,0.81,1.6,3.3,122.5,113.0,9.5,0.143,2.25,20.1,0.06,0.109,0.086,9.0,0.607,0.65,0.186,101.64,0.104,
1628988,Aaron Holiday,HOU,28.0,62,12.8,5.5,1.3,1.3,0.3,0.2,0.6,0.437,0.398,0.829,0.2,1.0,110.3,103.6,6.7,0.142,2.24,20.5,0.015,0.073,0.044,9.1,0.571,0.594,0.162,103.09,0.082,
1630174,Aaron Nesmith,IND,25.0,45,24.9,12.0,4.0,1.2,0.8,0.4,0.8,0.507,0.431,0.913,0.8,3.1,120.1,111.5,8.5,0.063,1.46,10.8,0.034,0.118,0.078,7.4,0.617,0.653,0.171,101.64,0.087,
1630598,Aaron Wiggins,OKC,26.0,76,22.9,12.0,3.9,1.8,0.8,0.2,0.9,0.488,0.383,0.831,1.1,2.8,120.7,106.6,14.2,0.102,1.94,13.8,0.046,0.113,0.081,7.1,0.577,0.596,0.2,101.91,0.105,
1641745,Adam Flagler,OKC,25.0,37,5.5,1.8,0.7,0.3,0.2,0.1,0.1,0.26,0.194,0.5,0.2,0.5,99.1,96.7,2.3,0.094,3.0,10.6,0.029,0.086,0.057,3.5,0.333,0.335,0.207,100.16,0.025,
1641737,Adem Bona,PHI,22.0,58,15.6,5.8,4.2,0.5,0.4,1.2,1.1,0.703,0.0,0.67,1.6,2.6,107.4,114.0,-6.6,0.043,0.44,8.4,0.097,0.164,0.13,18.9,0.703,0.714,0.135,100.51,0.093,
1642349,Ajay Mitchell,OKC,23.0,36,16.6,6.5,1.9,1.8,0.7,0.1,0.8,0.495,0.383,0.829,0.5,1.4,110.0,100.2,9.7,0.153,2.21,22.1,0.028,0.08,0.053,10.0,0.557,0.587,0.159,100.63,0.082,
201143,Al Horford,BOS,39.0,60,27.6,9.0,6.2,2.1,0.6,0.9,0.8,0.423,0.363,0.895,1.3,4.8,119.6,108.1,11.5,0.102,2.78,19.6,0.046,0.165,0.106,7.0,0.547,0.563,0.136,97.75,0.091,
202692,Alec Burks,MIA,33.0,49,17.6,7.3,2.5,1.1,0.6,0.1,0.6,0.424,0.425,0.776,0.3,2.2,113.5,107.6,5.9,0.09,1.9,14.7,0.018,0.119,0.07,7.8,0.587,0.608,0.16,98.03,0.088,
1627936,Alex Caruso,OKC,31.0,54,19.3,7.1,2.9,2.5,1.6,0.6,0.7,0.446,0.353,0.824,0.7,2.2,117.5,102.5,15.0,0.171,3.7,26.9,0.035,0.108,0.072,7.3,0.541,0.568,0.147,102.7,0.101,
1642505,Alex Ducas,OKC,24.0,21,6.0,1.7,1.2,0.2,0.2,0.0,0.2,0.4,0.476,1.0,0.4,0.8,99.6,106.3,-6.7,0.058,1.25,12.5,0.06,0.119,0.088,10.0,0.567,0.583,0.115,102.63,0.065,
203458,Alex Len,LAL,32.0,46,8.3,1.6,2.1,0.8,0.2,0.5,0.4,0.508,0.222,0.471,0.8,1.2,101.4,118.9,-17.5,0.143,1.9,29.5,0.094,0.142,0.118,15.5,0.524,0.525,0.101,101.55,0.057,
1642024,Alex Reese,PHI,26.0,15,14.4,5.1,3.1,0.3,0.7,0.7,0.4,0.481,0.366,0.75,0.6,2.5,117.3,111.8,5.5,0.023,0.67,5.8,0.041,0.161,0.103,8.7,0.62,0.641,0.123,104.64,0.079,
1642259,Alex Sarr,WAS,20.0,67,27.1,13.0,6.5,2.4,0.7,1.5,1.7,0.394,0.308,0.679,1.9,4.6,102.7,116.4,-13.7,0.139,1.41,13.7,0.06,0.158,0.108,9.7,0.457,0.482,0.23,104.3,0.084,
1630578,Alperen Sengun,HOU,22.0,76,31.5,19.1,10.3,4.9,1.1,0.8,2.6,0.496,0.233,0.692,3.4,6.9,114.9,107.4,7.6,0.238,1.92,19.6,0.099,0.21,0.153,10.2,0.505,0.545,0.259,99.47,0.153,
1641708,Amen Thompson,HOU,22.0,69,32.3,14.1,8.2,3.8,1.4,1.3,2.0,0.557,0.275,0.684,2.8,5.4,114.2,107.9,6.3,0.167,1.92,21.9,0.078,0.159,0.118,11.4,0.575,0.602,0.172,100.0,0.129,
1629599,Amir Coffey,LAC,28.0,72,24.3,9.7,2.2,1.1,0.6,0.1,0.6,0.471,0.409,0.891,0.4,1.8,109.1,110.6,-1.4,0.065,1.71,11.2,0.019,0.072,0.046,6.6,0.57,0.614,0.15,99.23,0.072,
203083,Andre Drummond,PHI,31.0,40,18.8,7.3,7.8,0.9,1.0,0.5,1.4,0.5,0.15,0.622,2.7,5.0,103.4,118.9,-15.5,0.07,0.62,9.4,0.134,0.288,0.205,15.2,0.506,0.535,0.183,98.83,0.109,
1641748,Andre Jackson Jr.,MIL,23.0,67,14.6,3.4,2.7,1.2,0.5,0.2,0.9,0.477,0.395,0.5,1.0,1.7,110.6,112.1,-1.5,0.109,1.43,23.8,0.066,0.114,0.091,16.6,0.553,0.554,0.115,101.48,0.051,
1629614,Andrew Nembhard,IND,25.0,65,28.9,10.0,3.3,5.0,1.2,0.2,1.7,0.458,0.291,0.794,0.5,2.8,115.5,110.2,5.3,0.225,2.91,31.4,0.018,0.093,0.057,10.8,0.506,0.545,0.163,101.31,0.081,
203952,Andrew Wiggins,MIA,30.0,60,30.7,18.0,4.5,2.6,1.0,0.8,1.7,0.448,0.374,0.763,1.5,3.0,109.4,111.7,-2.3,0.137,1.6,13.1,0.045,0.095,0.069,8.2,0.526,0.566,0.238,99.96,0.105,
1629014,Anfernee Simons,POR,26.0,70,32.7,19.3,2.7,4.8,0.9,0.1,2.0,0.426,0.363,0.902,0.4,2.3,108.8,113.4,-4.6,0.241,2.36,20.1,0.01,0.069,0.039,8.5,0.521,0.557,0.241,99.72,0.106,
1641710,Anthony Black,ORL,21.0,78,24.2,9.4,2.9,3.1,1.1,0.6,1.8,0.423,0.318,0.761,0.7,2.3,106.2,107.1,-0.9,0.201,1.73,22.2,0.026,0.1,0.061,12.8,0.473,0.521,0.19,97.83,0.084,
203076,Anthony Davis,DAL,32.0,51,33.4,24.7,11.6,3.5,1.2,2.2,2.2,0.516,0.282,0.775,2.6,8.9,113.3,112.9,0.5,0.182,1.6,13.3,0.083,0.254,0.173,8.3,0.536,0.588,0.301,98.83,0.179,
1630162,Anthony Edwards,MIN,23.0,79,36.3,27.6,5.7,4.5,1.2,0.6,3.2,0.447,0.395,0.837,0.8,4.9,116.2,111.4,4.8,0.209,1.44,14.8,0.021,0.131,0.077,10.3,0.547,0.595,0.307,98.27,0.14,
1630264,Anthony Gill,WAS,32.0,51,7.8,2.5,1.3,0.3,0.2,0.0,0.2,0.489,0.323,0.66,0.4,0.9,101.9,109.7,-7.8,0.059,1.6,11.9,0.042,0.111,0.077,7.4,0.545,0.586,0.124,101.23,0.071,
1641810,Antonio Reeves,NOP,24.0,44,15.0,6.9,1.4,0.9,0.5,0.1,0.7,0.456,0.395,0.8,0.4,1.0,107.3,117.5,-10.2,0.089,1.3,11.8,0.026,0.07,0.047,9.1,0.558,0.579,0.183,101.12,0.072,
1630574,Ariel Hukporti,NYK,23.0,25,8.7,1.9,2.0,0.4,0.0,0.6,0.8,0.677,0.0,0.462,0.6,1.5,97.6,110.1,-12.4,0.075,0.52,15.9,0.066,0.151,0.112,30.4,0.677,0.654,0.113,102.57,0.048,
1641709,Ausar Thompson,DET,22.0,59,22.5,10.1,5.1,2.3,1.7,0.7,1.4,0.535,0.224,0.641,1.9,3.3,113.1,109.2,4.0,0.139,1.68,18.2,0.081,0.139,0.11,10.8,0.547,0.568,0.185,102.76,0.104,
1630559,Austin Reaves,LAL,27.0,73,34.9,20.2,4.5,5.8,1.1,0.3,2.4,0.46,0.377,0.877,0.8,3.7,117.1,113.3,3.8,0.241,2.38,23.6,0.025,0.101,0.065,9.9,0.556,0.616,0.23,99.86,0.118,
1630245,Ayo Dosunmu,CHI,25.0,46,30.3,12.3,3.5,4.5,0.9,0.4,1.5,0.492,0.328,0.785,0.6,2.9,110.1,117.8,-7.7,0.21,3.01,27.4,0.018,0.09,0.054,9.1,0.561,0.585,0.163,104.63,0.084,
1628389,Bam Adebayo,MIA,27.0,78,34.3,18.1,9.6,4.3,1.3,0.7,2.1,0.485,0.357,0.765,2.4,7.2,110.9,110.8,0.1,0.204,2.09,19.2,0.069,0.214,0.141,9.2,0.521,0.561,0.232,97.02,0.137,
1631248,Baylor Scheierman,BOS,24.0,31,12.4,3.6,2.1,1.1,0.5,0.1,0.4,0.355,0.317,0.75,0.6,1.5,109.9,105.8,4.1,0.12,2.75,20.5,0.048,0.117,0.083,7.5,0.473,0.49,0.143,95.28,0.074,
1641767,Ben Sheppard,IND,23.0,63,19.5,5.3,2.8,1.3,0.6,0.2,0.3,0.418,0.342,0.889,0.7,2.1,111.2,113.4,-2.2,0.087,3.86,21.0,0.035,0.106,0.07,5.4,0.537,0.555,0.108,102.92,0.055,
1627732,Ben Simmons,LAC,28.0,51,22.0,5.0,4.7,5.6,0.7,0.5,2.0,0.52,0.0,0.727,0.9,3.8,111.7,113.5,-1.8,0.358,2.79,45.7,0.043,0.184,0.113,16.3,0.52,0.539,0.133,98.17,0.103,
1631097,Bennedict Mathurin,IND,23.0,72,29.9,16.1,5.3,1.9,0.7,0.3,1.9,0.458,0.34,0.831,1.2,4.1,113.8,112.2,1.6,0.09,1.01,10.7,0.041,0.133,0.088,10.6,0.516,0.579,0.222,101.52,0.092,
1641731,Bilal Coulibaly,WAS,20.0,59,33.0,12.3,5.0,3.4,1.3,0.7,2.1,0.421,0.281,0.746,1.5,3.4,104.5,118.3,-13.8,0.15,1.59,19.4,0.043,0.098,0.07,12.2,0.472,0.515,0.175,103.22,0.07,
202687,Bismack Biyombo,SAS,32.0,28,18.8,5.1,5.6,1.1,0.6,0.8,1.0,0.588,0.0,0.4,1.5,4.1,108.7,117.9,-9.2,0.079,1.15,16.9,0.08,0.207,0.144,14.8,0.588,0.576,0.124,100.23,0.08,
1631104,Blake Wesley,SAS,22.0,58,11.8,3.7,1.1,2.0,0.6,0.1,0.9,0.435,0.293,0.623,0.3,0.8,110.2,109.7,0.5,0.225,2.11,29.8,0.025,0.062,0.044,14.1,0.481,0.51,0.165,101.92,0.066,
1626171,Bobby Portis,MIL,30.0,49,25.4,13.9,8.4,2.1,0.7,0.5,1.2,0.466,0.365,0.836,1.8,6.6,114.1,110.8,3.4,0.126,1.82,13.2,0.071,0.235,0.156,7.2,0.52,0.542,0.234,101.2,0.131,
203992,Bogdan Bogdanović,LAC,32.0,54,25.0,10.8,2.9,2.7,0.8,0.2,1.4,0.427,0.363,0.879,0.4,2.5,112.7,110.0,2.7,0.152,1.97,19.7,0.017,0.098,0.057,10.0,0.534,0.559,0.183,101.35,0.074,
1629626,Bol Bol,PHX,25.0,36,12.5,6.8,2.9,0.6,0.3,0.7,0.6,0.525,0.344,0.769,0.6,2.3,112.1,115.9,-3.9,0.071,1.1,9.3,0.047,0.168,0.113,8.4,0.612,0.627,0.204,102.75,0.114,
1630538,Bones Hyland,MIN,24.0,24,9.9,6.2,1.0,1.3,0.8,0.2,1.0,0.398,0.39,0.885,0.2,0.8,102.0,108.1,-6.1,0.246,1.28,17.3,0.02,0.083,0.051,13.5,0.534,0.576,0.274,98.61,0.108,
203078,Bradley Beal,PHX,32.0,53,32.1,17.0,3.3,3.7,1.1,0.5,1.9,0.497,0.386,0.803,0.6,2.7,110.6,118.6,-8.0,0.177,1.97,18.6,0.021,0.083,0.054,9.4,0.571,0.598,0.219,100.02,0.093,
1642382,Branden Carlson,OKC,26.0,32,7.7,3.8,1.7,0.4,0.2,0.7,0.2,0.443,0.333,0.778,0.5,1.2,115.1,105.8,9.4,0.077,2.0,11.1,0.064,0.131,0.099,5.6,0.557,0.581,0.185,103.83,0.101,
1641764,Brandin Podziemski,GSW,22.0,64,26.8,11.7,5.1,3.4,1.1,0.2,1.2,0.445,0.372,0.758,1.0,4.1,111.6,105.1,6.6,0.194,2.93,22.8,0.034,0.151,0.089,7.8,0.537,0.557,0.177,100.36,0.114,
1630527,Brandon Boston,NOP,23.0,42,23.6,10.7,3.2,2.2,1.3,0.2,1.2,0.436,0.35,0.788,0.7,2.5,108.6,114.8,-6.2,0.14,1.77,16.3,0.026,0.107,0.065,9.2,0.5,0.535,0.199,99.87,0.085,
1629634,Brandon Clarke,MEM,28.0,64,18.9,8.3,5.1,1.0,0.8,0.6,0.6,0.621,0.059,0.701,2.0,3.1,116.5,108.2,8.2,0.072,1.61,12.7,0.102,0.148,0.126,7.9,0.622,0.638,0.15,105.54,0.108,
1627742,Brandon Ingram,TOR,27.0,18,33.1,22.2,5.6,5.2,0.9,0.6,3.8,0.465,0.374,0.855,0.9,4.6,107.0,117.7,-10.7,0.28,1.35,18.0,0.027,0.14,0.083,13.3,0.53,0.56,0.305,97.49,0.122,
1641706,Brandon Miller,CHA,22.0,27,34.2,21.0,4.9,3.6,1.1,0.7,2.8,0.403,0.355,0.861,0.9,3.9,106.9,113.8,-6.8,0.182,1.29,14.0,0.024,0.117,0.068,10.9,0.509,0.54,0.27,98.77,0.1,
1630314,Brandon Williams,DAL,25.0,33,14.8,8.3,1.8,2.3,0.7,0.2,1.2,0.521,0.4,0.833,0.4,1.4,109.5,108.8,0.7,0.228,1.95,22.9,0.025,0.091,0.059,11.7,0.585,0.634,0.218,104.74,0.119,
1641729,Brice Sensabaugh,UTA,21.0,71,20.2,10.9,3.0,1.5,0.6,0.1,1.5,0.459,0.422,0.89,0.6,2.4,109.9,119.5,-9.6,0.117,1.03,13.0,0.028,0.11,0.069,12.7,0.59,0.612,0.208,103.21,0.087,
1642355,Bronny James,LAL,20.0,27,6.7,2.3,0.7,0.8,0.3,0.1,0.5,0.313,0.281,0.786,0.1,0.5,95.5,114.1,-18.6,0.191,1.69,20.4,0.021,0.076,0.048,12.0,0.381,0.424,0.199,99.45,0.05,
201572,Brook Lopez,MIL,37.0,80,31.8,13.0,5.0,1.8,0.6,1.9,1.1,0.509,0.373,0.826,1.4,3.6,114.8,112.7,2.2,0.078,1.7,13.5,0.046,0.107,0.078,7.9,0.599,0.624,0.157,100.24,0.087,
1628971,Bruce Brown,NOP,28.0,41,22.5,8.3,4.0,2.0,0.8,0.2,1.0,0.421,0.333,0.815,1.0,3.0,104.8,116.8,-11.9,0.133,2.15,18.3,0.04,0.134,0.085,8.5,0.464,0.504,0.169,100.19,0.078,
1628981,Bruno Fernando,TOR,26.0,17,8.6,3.4,3.0,1.1,0.2,0.5,0.8,0.531,0.0,0.75,1.2,1.8,103.9,110.1,-6.1,0.194,1.29,21.2,0.127,0.21,0.165,16.5,0.531,0.552,0.182,100.37,0.1,
1631121,Bryce McGowens,POR,22.0,13,2.5,1.0,0.2,0.2,0.1,0.0,0.3,0.286,0.0,0.833,0.2,0.1,89.9,97.1,-7.2,0.105,0.5,9.1,0.056,0.034,0.046,18.2,0.286,0.391,0.244,102.7,0.0,
1642267,Bub Carrington,WAS,19.0,82,30.0,9.8,4.2,4.4,0.7,0.3,1.7,0.401,0.339,0.812,0.4,3.8,102.8,118.0,-15.2,0.213,2.58,28.3,0.012,0.117,0.064,11.0,0.493,0.514,0.154,103.06,0.071,
1627741,Buddy Hield,GSW,32.0,82,22.7,11.1,3.2,1.6,0.8,0.3,1.1,0.417,0.37,0.828,0.6,2.6,112.3,110.1,2.2,0.106,1.47,13.0,0.025,0.111,0.066,8.8,0.546,0.56,0.196,100.82,0.085,
203468,CJ McCollum,NOP,33.0,56,32.7,21.1,3.8,4.1,0.8,0.4,1.9,0.444,0.373,0.717,0.8,3.0,112.3,119.4,-7.1,0.192,2.14,16.1,0.022,0.091,0.056,7.5,0.53,0.55,0.266,101.56,0.097,
1630595,Cade Cunningham,DET,23.0,70,35.0,26.1,6.1,9.1,1.0,0.8,4.4,0.469,0.356,0.846,0.8,5.3,115.0,112.2,2.8,0.409,2.06,25.0,0.023,0.147,0.086,12.1,0.521,0.565,0.323,101.57,0.152,
1631216,Caleb Houstan,ORL,22.0,58,13.6,4.1,1.3,0.6,0.4,0.1,0.2,0.421,0.4,0.882,0.3,1.0,104.2,108.2,-4.1,0.066,2.69,14.3,0.023,0.073,0.047,5.3,0.589,0.605,0.115,96.82,0.061,
1628997,Caleb Martin,DAL,29.0,45,27.1,7.9,3.9,2.1,1.0,0.5,1.2,0.424,0.359,0.622,1.2,2.8,106.5,112.8,-6.3,0.116,1.7,19.0,0.042,0.105,0.073,11.2,0.485,0.513,0.143,98.64,0.063,
1642353,Cam Christie,LAC,19.0,13,4.5,1.4,0.9,0.5,0.4,0.1,0.2,0.292,0.154,0.5,0.2,0.7,97.6,105.6,-7.9,0.167,3.0,17.6,0.051,0.141,0.098,5.9,0.333,0.349,0.192,103.12,0.07,
1629629,Cam Reddish,LAL,25.0,33,17.9,3.2,2.0,0.7,1.0,0.3,0.4,0.404,0.277,0.615,0.5,1.5,107.6,115.9,-8.4,0.049,1.83,15.8,0.029,0.081,0.056,8.6,0.473,0.498,0.084,100.53,0.04,
1642285,Cam Spencer,MEM,25.0,25,10.1,4.2,1.2,1.4,0.4,0.0,0.2,0.415,0.365,1.0,0.5,0.7,116.4,109.6,6.8,0.182,5.67,26.2,0.043,0.07,0.056,4.6,0.53,0.587,0.148,103.04,0.087,
1630560,Cam Thomas,BKN,23.0,25,31.2,24.0,3.3,3.8,0.6,0.1,2.5,0.438,0.349,0.881,0.6,2.7,114.9,120.6,-5.7,0.217,1.52,14.0,0.02,0.089,0.054,9.2,0.513,0.575,0.328,96.1,0.122,
1641715,Cam Whitmore,HOU,20.0,51,16.2,9.4,3.0,1.0,0.6,0.3,0.9,0.444,0.355,0.75,0.7,2.3,113.4,112.3,1.1,0.09,1.07,9.2,0.039,0.139,0.086,8.7,0.525,0.549,0.231,100.93,0.108,
1629661,Cameron Johnson,BKN,29.0,57,31.6,18.8,4.3,3.4,0.9,0.4,1.7,0.475,0.39,0.893,0.9,3.4,110.9,116.7,-5.8,0.179,1.96,17.2,0.03,0.113,0.07,8.8,0.582,0.632,0.224,97.41,0.124,
1626166,Cameron Payne,NYK,30.0,72,15.1,6.9,1.4,2.8,0.5,0.2,0.7,0.401,0.363,0.907,0.2,1.3,116.6,107.5,9.1,0.251,3.9,28.1,0.013,0.081,0.047,7.2,0.506,0.532,0.2,100.23,0.089,
1627747,Caris LeVert,ATL,30.0,64,24.9,12.1,3.2,3.4,0.9,0.5,1.2,0.467,0.373,0.71,0.6,2.5,120.5,113.4,7.2,0.178,2.83,22.5,0.026,0.096,0.062,7.9,0.556,0.582,0.191,103.21,0.094,
1641717,Cason Wallace,OKC,21.0,68,27.6,8.4,3.4,2.5,1.8,0.5,0.9,0.474,0.356,0.811,1.0,2.3,117.2,107.1,10.1,0.117,2.93,23.5,0.036,0.079,0.057,8.0,0.55,0.562,0.124,101.87,0.075,
1629646,Charles Bassey,SAS,24.0,36,10.4,4.4,4.2,0.5,0.4,0.8,0.6,0.581,0.0,0.636,1.6,2.7,101.6,117.5,-15.9,0.072,0.74,9.9,0.133,0.24,0.185,13.5,0.581,0.597,0.164,105.46,0.113,
1631096,Chet Holmgren,OKC,23.0,32,27.4,15.0,8.0,2.0,0.7,2.2,1.8,0.49,0.379,0.754,1.5,6.5,121.7,105.6,16.1,0.091,1.13,12.1,0.054,0.208,0.136,10.8,0.554,0.599,0.214,103.83,0.122,
1628449,Chris Boucher,TOR,32.0,50,17.2,10.0,4.5,0.7,0.5,0.5,0.6,0.492,0.363,0.782,1.4,3.1,113.3,113.5,-0.2,0.057,1.14,7.0,0.077,0.175,0.125,6.2,0.586,0.615,0.208,99.28,0.126,
1630537,Chris Duarte,CHI,28.0,17,4.4,2.1,1.2,0.5,0.0,0.0,0.1,0.462,0.4,0.75,0.3,0.9,105.2,102.4,2.8,0.173,9.0,23.1,0.06,0.165,0.115,2.6,0.577,0.61,0.151,108.61,0.127,
1641753,Chris Livingston,MIL,21.0,21,5.0,1.4,1.7,0.2,0.2,0.0,0.3,0.333,0.0,0.75,0.5,1.2,89.6,102.2,-12.6,0.078,0.83,11.1,0.091,0.198,0.148,13.3,0.333,0.441,0.15,104.34,0.099,
101108,Chris Paul,SAS,40.0,82,28.0,8.8,3.6,7.4,1.3,0.3,1.6,0.427,0.377,0.924,0.4,3.2,114.2,115.0,-0.8,0.342,4.69,45.0,0.014,0.11,0.062,9.6,0.547,0.58,0.137,100.48,0.102,
1631128,Christian Braun,DEN,24.0,79,33.9,15.4,5.2,2.6,1.1,0.5,1.0,0.58,0.397,0.827,1.2,3.9,122.7,114.5,8.2,0.096,2.53,17.1,0.039,0.109,0.077,6.8,0.634,0.665,0.155,101.04,0.096,
1631132,Christian Koloko,LAL,25.0,37,9.2,2.4,2.5,0.4,0.2,0.4,0.3,0.606,0.0,0.714,0.9,1.5,104.7,106.0,-1.3,0.068,1.33,15.8,0.095,0.165,0.129,11.9,0.606,0.624,0.104,101.19,0.082,
203991,Clint Capela,ATL,31.0,55,21.4,8.9,8.5,1.1,0.6,1.0,0.9,0.559,0.0,0.536,3.2,5.4,108.7,111.5,-2.7,0.073,1.32,11.4,0.132,0.238,0.183,8.7,0.559,0.564,0.16,105.23,0.117,
1629632,Coby White,CHI,25.0,74,33.1,20.4,3.7,4.5,0.9,0.2,2.4,0.453,0.37,0.902,0.3,3.4,111.5,113.9,-2.5,0.197,1.86,18.8,0.01,0.095,0.053,10.1,0.55,0.601,0.237,105.37,0.103,
1628998,Cody Martin,PHX,29.0,53,22.1,6.8,4.2,2.0,1.1,0.6,1.0,0.418,0.285,0.705,1.0,3.2,108.1,111.3,-3.2,0.128,2.06,20.6,0.041,0.136,0.088,10.0,0.485,0.509,0.142,101.2,0.08,
1642262,Cody Williams,UTA,20.0,50,21.2,4.6,2.3,1.2,0.5,0.3,0.9,0.323,0.259,0.725,0.5,1.7,103.0,118.5,-15.5,0.078,1.34,15.6,0.024,0.075,0.049,11.6,0.391,0.419,0.122,103.19,0.021,
1641732,Colby Jones,WAS,23.0,39,13.2,4.0,2.2,1.1,0.7,0.3,0.6,0.457,0.327,0.657,0.5,1.7,104.4,114.8,-10.4,0.123,1.91,20.8,0.038,0.123,0.08,10.8,0.519,0.544,0.138,99.47,0.078,
1630175,Cole Anthony,MEM,25.0,67,18.4,9.4,3.0,2.9,0.7,0.5,1.5,0.424,0.353,0.823,0.7,2.4,107.7,109.0,-1.2,0.253,1.85,21.6,0.034,0.131,0.08,11.6,0.494,0.531,0.238,97.7,0.105,
1631306,Cole Swider,IND,26.0,10,17.0,5.9,2.7,0.3,0.4,0.2,0.4,0.349,0.319,0.0,0.5,2.2,114.2,100.5,13.7,0.022,0.75,4.3,0.026,0.119,0.072,5.7,0.468,0.465,0.155,104.92,0.046,
1630658,Colin Castleton,TOR,25.0,26,16.6,4.7,4.7,1.1,0.3,0.4,0.9,0.469,0.125,0.763,2.0,2.7,106.1,108.2,-2.1,0.092,1.22,16.9,0.104,0.143,0.123,13.9,0.48,0.536,0.125,102.22,0.074,
1631221,Collin Gillespie,PHX,26.0,33,14.0,5.9,2.4,2.4,0.6,0.2,0.5,0.43,0.433,0.864,0.7,1.7,115.6,118.4,-2.8,0.235,4.59,29.7,0.048,0.124,0.086,6.5,0.554,0.578,0.17,98.66,0.105,
1629012,Collin Sexton,UTA,26.0,63,27.9,18.4,2.7,4.2,0.7,0.1,2.5,0.48,0.406,0.865,1.0,1.8,110.4,117.9,-7.5,0.246,1.65,18.9,0.033,0.06,0.047,11.5,0.543,0.593,0.264,101.38,0.106,
1630557,Corey Kispert,WAS,26.0,61,26.3,11.6,3.0,1.7,0.4,0.2,1.0,0.451,0.364,0.852,0.6,2.4,108.7,117.1,-8.5,0.094,1.61,13.4,0.021,0.084,0.053,8.3,0.558,0.584,0.169,102.68,0.074,
202709,Cory Joseph,ORL,33.0,50,12.2,3.5,1.5,1.4,0.5,0.1,0.4,0.403,0.364,0.778,0.3,1.1,110.5,106.9,3.6,0.166,4.0,28.7,0.027,0.095,0.06,7.2,0.529,0.547,0.126,98.59,0.075,
1641854,Craig Porter Jr.,CLE,25.0,51,10.1,3.7,1.3,1.4,0.3,0.3,0.7,0.514,0.438,0.719,0.4,0.9,108.3,113.5,-5.2,0.191,1.87,27.0,0.037,0.085,0.063,14.4,0.589,0.61,0.155,100.91,0.091,
1626156,D'Angelo Russell,BKN,29.0,58,25.5,12.6,2.8,5.1,1.0,0.4,1.9,0.39,0.314,0.834,0.3,2.4,110.1,111.6,-1.5,0.302,2.75,26.9,0.013,0.093,0.053,9.8,0.479,0.522,0.228,99.59,0.098,
1629610,DaQuan Jeffries,CHA,27.0,47,22.8,6.7,2.9,1.1,0.6,0.5,0.7,0.405,0.335,0.8,0.8,2.1,106.6,118.2,-11.6,0.073,1.51,13.5,0.033,0.087,0.06,8.9,0.5,0.518,0.136,98.04,0.046,
1630625,Dalano Banton,POR,25.0,67,16.7,8.3,2.0,2.4,0.6,0.5,1.3,0.391,0.324,0.728,0.4,1.6,110.2,111.8,-1.5,0.213,1.86,19.8,0.025,0.088,0.056,10.7,0.462,0.497,0.237,101.21,0.089,
1631207,Dalen Terry,CHI,22.0,73,13.5,4.5,1.7,1.3,0.6,0.2,0.7,0.448,0.356,0.71,0.5,1.2,104.0,111.6,-7.6,0.136,1.83,21.6,0.034,0.08,0.057,11.8,0.517,0.546,0.142,106.51,0.056,
1642261,Dalton Knecht,LAL,24.0,78,19.2,9.1,2.8,0.8,0.3,0.1,0.5,0.461,0.376,0.762,0.5,2.3,112.2,114.9,-2.8,0.067,1.78,9.5,0.026,0.116,0.073,5.3,0.576,0.594,0.181,98.26,0.087,
203081,Damian Lillard,MIL,34.0,58,36.1,24.9,4.7,7.1,1.2,0.2,2.8,0.448,0.376,0.921,0.5,4.2,115.3,114.6,0.7,0.299,2.53,23.8,0.014,0.108,0.063,9.4,0.547,0.621,0.269,100.86,0.144,
1641878,Damion Baugh,CHA,24.0,15,24.7,7.3,3.3,3.7,1.0,0.1,2.1,0.323,0.214,0.867,0.9,2.4,99.5,121.8,-22.3,0.235,1.81,25.0,0.033,0.098,0.064,13.8,0.369,0.399,0.186,99.5,0.051,
1627814,Damion Lee,PHX,32.0,25,5.8,3.3,0.8,0.4,0.2,0.0,0.4,0.365,0.243,0.952,0.1,0.7,104.7,98.7,6.0,0.121,1.1,10.5,0.02,0.104,0.064,9.5,0.426,0.499,0.269,104.99,0.089,
1629655,Daniel Gafford,DAL,26.0,57,21.5,12.3,6.8,1.4,0.4,1.8,1.2,0.702,0.0,0.689,2.7,4.1,114.9,113.4,1.5,0.097,1.21,12.7,0.127,0.168,0.149,10.4,0.702,0.716,0.186,101.73,0.141,
1628464,Daniel Theis,NOP,33.0,38,16.3,4.3,4.3,1.6,0.5,0.5,0.7,0.473,0.243,0.838,1.2,3.2,109.3,115.2,-5.9,0.131,2.4,26.0,0.062,0.192,0.122,10.8,0.508,0.558,0.111,102.26,0.081,
203957,Dante Exum,DAL,29.0,20,18.6,8.7,1.7,2.8,0.6,0.2,1.1,0.478,0.434,0.742,0.2,1.5,109.3,115.2,-6.0,0.22,2.55,24.8,0.01,0.074,0.042,9.7,0.563,0.589,0.193,101.4,0.083,
203967,Dario Saric,DEN,31.0,16,13.1,3.5,3.1,1.4,0.4,0.1,0.9,0.362,0.269,0.7,0.9,2.3,97.3,108.7,-11.5,0.17,1.53,22.8,0.059,0.158,0.107,14.9,0.422,0.449,0.157,99.59,0.067,
1641727,Dariq Whitehead,BKN,20.0,20,12.3,5.7,1.5,0.6,0.3,0.1,0.8,0.406,0.446,0.6,0.2,1.3,98.7,109.7,-11.1,0.078,0.8,9.6,0.015,0.105,0.056,12.0,0.578,0.58,0.189,103.67,0.065,
1629636,Darius Garland,CLE,25.0,75,30.7,20.6,2.9,6.7,1.2,0.1,2.5,0.472,0.401,0.878,0.6,2.2,123.2,113.4,9.9,0.309,2.68,25.6,0.021,0.068,0.045,9.6,0.562,0.6,0.265,101.32,0.126,
1631223,David Roddy,HOU,24.0,33,12.4,4.6,2.5,1.1,0.4,0.3,0.7,0.456,0.311,0.769,0.4,2.2,106.4,114.6,-8.2,0.121,1.59,18.0,0.03,0.177,0.101,11.3,0.532,0.561,0.159,104.43,0.089,
1630558,Davion Mitchell,MIA,26.0,74,27.4,7.9,2.3,4.9,1.0,0.2,1.7,0.468,0.398,0.69,0.5,1.8,111.0,110.7,0.3,0.237,2.84,36.2,0.017,0.063,0.041,12.8,0.557,0.573,0.135,98.76,0.069,
1630549,Day'Ron Sharpe,BKN,23.0,50,18.1,7.9,6.6,1.8,0.8,0.8,1.3,0.521,0.244,0.757,3.0,3.6,109.2,107.1,2.1,0.158,1.44,18.1,0.149,0.202,0.174,12.5,0.538,0.568,0.186,97.35,0.134,
1628368,De'Aaron Fox,SAS,27.0,62,36.1,23.5,4.8,6.3,1.5,0.4,2.8,0.463,0.31,0.827,0.9,3.9,113.7,114.9,-1.2,0.262,2.25,21.0,0.023,0.106,0.064,9.3,0.514,0.56,0.274,102.22,0.119,
1629631,De'Andre Hunter,CLE,27.0,64,27.2,17.0,4.0,1.4,0.8,0.2,1.3,0.47,0.405,0.846,0.7,3.3,115.9,113.9,2.0,0.077,1.12,8.7,0.024,0.117,0.071,7.8,0.573,0.623,0.221,104.77,0.101,
201599,DeAndre Jordan,DEN,36.0,56,12.3,3.7,5.1,0.9,0.3,0.5,0.7,0.65,0.0,0.422,1.5,3.6,108.8,112.1,-3.3,0.105,1.33,20.2,0.119,0.262,0.194,15.3,0.65,0.621,0.126,100.07,0.115,
201942,DeMar DeRozan,SAC,35.0,77,35.9,22.2,3.9,4.4,0.8,0.4,1.4,0.477,0.328,0.857,0.6,3.2,116.8,115.3,1.5,0.182,3.26,17.7,0.018,0.09,0.054,5.4,0.509,0.569,0.244,99.35,0.112,
1629731,Dean Wade,CLE,28.0,59,21.2,5.4,4.2,1.3,0.7,0.3,0.4,0.413,0.36,0.533,0.9,3.4,120.0,109.4,10.7,0.073,3.45,20.1,0.041,0.15,0.097,5.8,0.561,0.563,0.101,101.1,0.067,
1629028,Deandre Ayton,POR,26.0,40,30.1,14.4,10.2,1.6,0.8,1.0,1.7,0.566,0.188,0.667,3.1,7.1,110.0,116.8,-6.9,0.083,0.93,10.2,0.099,0.243,0.168,11.0,0.573,0.583,0.197,98.94,0.125,
1627749,Dejounte Murray,NOP,28.0,31,32.6,17.5,6.5,7.4,2.0,0.4,3.4,0.393,0.299,0.823,0.5,5.9,109.0,118.1,-9.1,0.347,2.15,25.9,0.015,0.183,0.094,12.0,0.445,0.494,0.263,102.86,0.118,
1626153,Delon Wright,NYK,33.0,40,15.9,3.1,1.7,1.9,0.9,0.3,0.6,0.344,0.274,0.6,0.7,1.0,106.1,106.3,-0.2,0.162,3.5,31.8,0.042,0.061,0.051,9.1,0.42,0.44,0.111,98.84,0.061,
1630166,Deni Avdija,POR,24.0,72,30.0,16.9,7.3,3.9,1.0,0.5,2.7,0.476,0.365,0.78,1.5,5.7,113.6,114.5,-0.9,0.193,1.43,19.0,0.048,0.19,0.117,13.3,0.55,0.605,0.228,99.86,0.126,
203471,Dennis Schröder,DET,31.0,75,28.1,13.1,2.6,5.4,0.9,0.2,1.9,0.406,0.342,0.838,0.4,2.3,111.8,112.8,-0.9,0.287,2.85,27.6,0.012,0.08,0.046,9.7,0.483,0.531,0.211,100.49,0.091,
1641726,Dereck Lively II,DAL,21.0,36,23.1,8.7,7.5,2.4,0.6,1.6,1.1,0.702,0.0,0.63,2.9,4.6,114.1,106.4,7.7,0.143,2.07,24.3,0.122,0.186,0.155,11.7,0.702,0.704,0.132,100.99,0.124,
1627884,Derrick Jones Jr.,LAC,28.0,77,24.3,10.1,3.4,0.8,1.0,0.4,0.9,0.526,0.356,0.703,1.2,2.2,115.5,108.7,6.7,0.044,0.91,7.8,0.051,0.092,0.072,8.6,0.593,0.609,0.16,99.72,0.076,
1628401,Derrick White,BOS,30.0,76,33.9,16.4,4.5,4.8,0.9,1.1,1.7,0.442,0.384,0.839,0.9,3.6,119.7,109.5,10.2,0.199,2.76,23.7,0.025,0.101,0.064,8.6,0.58,0.606,0.195,97.89,0.106,
1630217,Desmond Bane,ORL,27.0,69,32.0,19.2,6.1,5.3,1.2,0.4,2.4,0.484,0.392,0.894,0.9,5.2,116.1,113.3,2.8,0.235,2.18,22.7,0.026,0.15,0.088,10.4,0.565,0.6,0.227,104.58,0.131,
1626164,Devin Booker,PHX,28.0,75,37.3,25.6,4.1,7.1,0.9,0.2,2.9,0.461,0.332,0.894,1.0,3.1,115.3,118.5,-3.2,0.301,2.4,22.4,0.028,0.08,0.055,9.3,0.525,0.589,0.285,98.72,0.122,
1642269,Devin Carter,SAC,23.0,36,11.0,3.8,2.1,1.1,0.6,0.1,0.5,0.37,0.295,0.591,0.5,1.6,113.1,109.3,3.9,0.139,2.28,19.9,0.044,0.147,0.093,8.7,0.441,0.471,0.169,100.14,0.07,
1630170,Devin Vassell,SAS,24.0,64,31.0,16.3,4.0,2.9,1.3,0.5,1.4,0.443,0.368,0.792,0.5,3.5,111.9,118.1,-6.2,0.139,2.08,15.2,0.016,0.107,0.062,7.3,0.532,0.553,0.217,100.8,0.092,
1628415,Dillon Brooks,HOU,29.0,75,31.8,14.0,3.7,1.7,0.8,0.2,1.0,0.429,0.397,0.818,1.0,2.7,113.5,108.8,4.7,0.076,1.68,11.1,0.028,0.081,0.054,6.6,0.533,0.555,0.176,98.94,0.067,
1641794,Dillon Jones,OKC,23.0,54,10.2,2.5,2.2,1.1,0.3,0.1,0.5,0.383,0.254,0.607,0.6,1.7,108.9,102.9,6.0,0.143,2.07,25.0,0.05,0.153,0.102,12.1,0.444,0.464,0.131,101.09,0.066,
1627734,Domantas Sabonis,SAC,29.0,70,34.7,19.1,13.9,6.0,0.7,0.4,2.9,0.59,0.417,0.754,3.8,10.1,116.5,113.9,2.6,0.251,2.09,25.7,0.11,0.286,0.199,12.3,0.627,0.655,0.213,99.78,0.164,
1631230,Dominick Barlow,ATL,22.0,35,10.7,4.2,2.4,0.5,0.3,0.5,0.1,0.531,0.259,0.636,1.0,1.4,110.2,111.8,-1.6,0.07,3.8,12.7,0.091,0.139,0.114,3.3,0.562,0.58,0.141,104.7,0.082,
1642270,Donovan Clingan,POR,21.0,67,19.8,6.5,7.9,1.1,0.5,1.6,1.1,0.539,0.286,0.596,3.2,4.6,109.9,109.7,0.2,0.081,1.07,14.6,0.144,0.218,0.179,13.7,0.56,0.574,0.135,101.68,0.105,
1628378,Donovan Mitchell,CLE,28.0,71,31.4,24.0,4.5,5.0,1.3,0.2,2.1,0.443,0.368,0.823,0.8,3.7,119.7,109.1,10.5,0.238,2.38,18.0,0.025,0.112,0.069,7.6,0.531,0.575,0.298,102.21,0.137,
1628978,Donte DiVincenzo,MIN,28.0,62,25.9,11.7,3.7,3.6,1.2,0.3,1.6,0.422,0.397,0.778,0.5,3.2,114.2,109.1,5.1,0.203,2.27,23.8,0.02,0.115,0.068,10.5,0.568,0.582,0.188,100.17,0.1,
1627827,Dorian Finney-Smith,LAL,32.0,63,28.9,8.7,3.9,1.4,0.9,0.4,0.9,0.448,0.411,0.667,1.3,2.7,119.1,110.3,8.8,0.066,1.61,15.0,0.047,0.089,0.069,9.3,0.597,0.604,0.123,98.14,0.06,
203926,Doug McDermott,SAC,33.0,42,8.1,3.5,0.5,0.2,0.1,0.0,0.1,0.427,0.436,0.6,0.1,0.5,111.5,109.9,1.6,0.028,1.17,5.3,0.009,0.054,0.031,4.5,0.615,0.617,0.15,101.3,0.051,
203110,Draymond Green,GSW,35.0,68,29.2,9.0,6.1,5.6,1.5,1.0,2.6,0.424,0.325,0.687,1.1,5.0,115.4,108.8,6.6,0.255,2.2,33.9,0.036,0.168,0.102,15.4,0.503,0.534,0.157,101.35,0.088,
1629234,Drew Eubanks,LAC,28.0,61,12.2,4.6,3.7,0.9,0.2,0.6,0.7,0.593,0.5,0.662,1.0,2.7,106.7,114.8,-8.1,0.11,1.32,16.7,0.078,0.211,0.145,12.7,0.601,0.622,0.149,102.72,0.111,
1641809,Drew Peterson,BOS,25.0,25,7.4,2.2,1.6,0.5,0.2,0.1,0.3,0.415,0.394,0.778,0.4,1.2,115.7,102.9,12.8,0.095,1.63,19.7,0.051,0.161,0.108,12.1,0.573,0.601,0.121,96.96,0.078,
1630696,Dru Smith,MIA,27.0,14,19.2,6.2,2.6,1.6,1.5,0.4,1.2,0.508,0.533,0.75,0.9,1.7,107.3,100.5,6.8,0.128,1.35,21.5,0.042,0.086,0.064,15.9,0.639,0.656,0.131,100.58,0.082,
1629130,Duncan Robinson,MIA,31.0,74,24.1,11.0,2.3,2.4,0.5,0.1,1.2,0.437,0.393,0.887,0.2,2.0,110.1,109.9,0.2,0.148,2.05,18.6,0.01,0.084,0.047,9.1,0.581,0.595,0.187,97.68,0.078,
1641871,Duop Reath,POR,29.0,46,10.2,4.2,2.0,0.6,0.3,0.3,0.3,0.422,0.321,0.909,1.0,1.0,108.0,114.5,-6.5,0.083,1.63,11.9,0.082,0.111,0.095,7.3,0.524,0.552,0.162,102.71,0.077,
203939,Dwight Powell,DAL,33.0,55,10.0,2.1,2.1,1.0,0.3,0.4,0.3,0.689,0.4,0.651,0.9,1.3,108.6,109.7,-1.1,0.13,3.06,36.2,0.084,0.131,0.107,11.8,0.705,0.713,0.073,102.17,0.073,
1630700,Dyson Daniels,ATL,22.0,76,33.8,14.1,5.9,4.4,3.0,0.7,2.0,0.493,0.34,0.593,1.6,4.3,113.3,114.2,-0.9,0.174,2.15,22.6,0.046,0.127,0.085,10.5,0.536,0.545,0.178,104.17,0.099,
1630604,E.J. Liddell,CHI,24.0,12,4.4,1.8,0.8,0.3,0.1,0.1,0.2,0.533,0.3,1.0,0.3,0.5,117.9,126.4,-8.6,0.064,1.5,14.3,0.065,0.102,0.086,9.5,0.633,0.661,0.13,110.79,0.047,
203901,Elfrid Payton,NOP,31.0,24,21.3,3.5,3.3,6.9,1.0,0.5,2.5,0.328,0.167,0.571,0.6,2.7,99.7,113.1,-13.4,0.443,2.81,47.4,0.027,0.114,0.071,16.9,0.332,0.34,0.151,101.3,0.079,
1641989,Elijah Harkless,UTA,25.0,10,13.8,3.2,2.1,0.8,1.0,0.1,0.3,0.314,0.28,0.5,0.9,1.2,113.2,103.5,9.7,0.073,2.67,16.3,0.058,0.092,0.074,6.1,0.414,0.425,0.12,99.3,0.037,
1641734,Emoni Bates,CLE,21.0,10,7.5,3.7,0.7,0.8,0.1,0.1,0.2,0.342,0.367,0.0,0.0,0.7,89.0,110.5,-21.5,0.2,4.0,16.7,0.0,0.075,0.036,4.2,0.487,0.487,0.201,104.3,0.08,
1642402,Enrique Freeman,IND,24.0,22,8.2,2.1,1.4,0.4,0.1,0.1,0.3,0.432,0.1,0.684,0.5,0.9,104.4,110.7,-6.3,0.062,1.5,15.0,0.054,0.106,0.078,10.0,0.446,0.507,0.109,107.55,0.04,
201569,Eric Gordon,PHI,36.0,39,19.7,6.8,1.2,1.7,0.7,0.3,0.7,0.426,0.409,0.75,0.2,1.0,111.0,116.4,-5.4,0.118,2.32,20.5,0.011,0.052,0.031,8.8,0.564,0.591,0.14,99.62,0.067,
1630596,Evan Mobley,CLE,24.0,71,30.5,18.5,9.3,3.2,0.9,1.6,2.0,0.557,0.37,0.725,2.3,7.0,120.5,108.6,11.9,0.149,1.56,16.1,0.076,0.213,0.147,10.3,0.604,0.633,0.226,102.16,0.151,
1630532,Franz Wagner,ORL,23.0,60,33.7,24.2,5.7,4.7,1.3,0.4,2.3,0.463,0.295,0.871,0.9,4.8,111.8,105.8,6.0,0.247,2.06,16.5,0.027,0.146,0.085,8.0,0.507,0.558,0.306,97.65,0.153,
1627832,Fred VanVleet,HOU,31.0,60,35.2,14.1,3.7,5.6,1.6,0.4,1.5,0.378,0.345,0.81,0.5,3.2,115.0,108.8,6.2,0.217,3.83,27.0,0.014,0.089,0.049,7.1,0.483,0.515,0.176,98.18,0.093,
1641713,GG Jackson,MEM,20.0,29,15.8,7.2,3.2,1.0,0.4,0.2,1.1,0.372,0.337,0.725,0.9,2.2,112.7,118.6,-5.9,0.085,0.94,10.5,0.055,0.13,0.093,11.2,0.452,0.482,0.219,102.73,0.064,
1629216,Gabe Vincent,LAL,29.0,72,21.2,6.4,1.3,1.4,0.7,0.2,0.6,0.4,0.353,0.714,0.3,1.0,111.8,110.7,1.1,0.09,2.39,17.2,0.013,0.045,0.029,7.2,0.53,0.536,0.131,100.07,0.039,
202066,Garrett Temple,TOR,39.0,28,8.1,1.9,1.0,1.1,0.6,0.1,0.4,0.3,0.214,0.917,0.3,0.7,106.6,111.1,-4.5,0.171,3.1,29.0,0.036,0.09,0.061,9.3,0.35,0.406,0.129,105.94,0.051,
1629726,Garrison Mathews,ATL,28.0,47,17.6,7.5,1.9,1.3,0.6,0.3,0.7,0.397,0.39,0.821,0.3,1.6,107.9,111.4,-3.5,0.102,1.94,16.0,0.015,0.085,0.049,8.2,0.562,0.606,0.153,105.43,0.068,
203914,Gary Harris,ORL,30.0,48,14.8,3.0,1.3,0.6,0.5,0.3,0.4,0.383,0.356,0.583,0.4,0.9,110.4,103.2,7.2,0.058,1.76,16.3,0.026,0.063,0.044,9.2,0.519,0.524,0.09,99.58,0.043,
1627780,Gary Payton II,GSW,32.0,62,15.0,6.5,3.0,1.3,0.8,0.3,0.6,0.574,0.326,0.711,0.9,2.1,113.5,110.1,3.4,0.132,2.13,19.1,0.056,0.134,0.096,9.0,0.626,0.635,0.156,102.12,0.104,
1629018,Gary Trent Jr.,MIL,26.0,74,25.6,11.1,2.3,1.2,1.0,0.1,0.6,0.431,0.416,0.848,0.3,2.0,115.9,114.0,1.9,0.064,2.07,10.6,0.011,0.074,0.044,5.1,0.568,0.591,0.168,100.75,0.07,
1627777,Georges Niang,ATL,32.0,79,21.5,9.9,3.4,1.4,0.4,0.2,1.0,0.461,0.406,0.793,0.6,2.8,118.7,114.1,4.7,0.087,1.35,13.2,0.027,0.126,0.077,9.8,0.595,0.607,0.177,102.45,0.071,
203507,Giannis Antetokounmpo,MIL,30.0,67,34.2,30.4,11.9,6.5,0.9,1.2,3.1,0.601,0.222,0.617,2.2,9.7,118.9,111.7,7.2,0.339,2.1,19.2,0.067,0.266,0.172,9.1,0.607,0.625,0.346,100.18,0.21,
1629048,Goga Bitadze,ORL,25.0,70,20.4,7.2,6.6,2.0,0.7,1.4,1.0,0.611,0.107,0.639,2.4,4.2,110.1,107.4,2.7,0.142,1.9,22.6,0.116,0.227,0.169,11.9,0.615,0.631,0.142,95.8,0.134,
1641711,Gradey Dick,TOR,21.0,54,29.4,14.4,3.6,1.8,0.9,0.2,1.5,0.41,0.35,0.858,0.8,2.8,110.3,116.1,-5.8,0.087,1.18,10.9,0.027,0.092,0.059,9.3,0.498,0.543,0.209,101.36,0.071,
1629684,Grant Williams,CHA,26.0,16,29.9,10.4,5.1,2.3,1.1,0.8,1.8,0.439,0.365,0.838,1.1,4.0,114.9,113.3,1.6,0.107,1.32,18.0,0.035,0.134,0.083,13.6,0.549,0.596,0.146,99.95,0.076,
1628960,Grayson Allen,PHX,29.0,64,24.1,10.6,3.0,2.1,0.8,0.3,1.2,0.448,0.426,0.816,0.5,2.5,114.7,118.0,-3.3,0.125,1.83,18.2,0.023,0.103,0.064,10.0,0.6,0.631,0.169,100.84,0.084,
1627824,Guerschon Yabusele,PHI,29.0,70,27.1,11.0,5.6,2.1,0.8,0.3,1.2,0.501,0.38,0.725,1.9,3.7,113.5,116.7,-3.2,0.114,1.7,17.2,0.07,0.149,0.108,10.1,0.593,0.616,0.163,97.28,0.092,
1630611,Gui Santos,GSW,23.0,56,13.6,4.1,3.1,1.4,0.4,0.2,0.8,0.458,0.33,0.69,1.3,1.8,117.8,107.3,10.6,0.138,1.9,25.1,0.085,0.127,0.106,13.2,0.553,0.575,0.126,99.78,0.073,
203084,Harrison Barnes,SAS,33.0,82,27.2,12.3,3.8,1.7,0.5,0.2,0.6,0.508,0.433,0.809,1.2,2.6,114.5,115.6,-1.2,0.085,2.72,14.2,0.042,0.091,0.067,5.2,0.622,0.656,0.157,100.08,0.092,
1629312,Haywood Highsmith,MIA,28.0,74,24.6,6.5,3.4,1.5,0.9,0.5,0.7,0.458,0.382,0.721,1.0,2.4,111.8,110.4,1.4,0.084,2.07,19.5,0.04,0.098,0.069,9.4,0.572,0.583,0.111,97.33,0.057,
1630529,Herbert Jones,NOP,26.0,20,32.4,10.3,3.9,3.3,1.9,0.5,1.8,0.436,0.306,0.825,1.1,2.8,111.8,112.5,-0.7,0.134,1.86,22.3,0.033,0.085,0.059,12.0,0.5,0.541,0.146,100.76,0.062,
1641816,Hunter Tyson,DEN,25.0,51,7.8,2.6,1.5,0.4,0.2,0.1,0.3,0.375,0.311,0.75,0.5,1.0,98.5,108.7,-10.2,0.074,1.43,12.0,0.055,0.124,0.088,8.4,0.471,0.506,0.146,104.6,0.057,
1630193,Immanuel Quickley,TOR,26.0,33,27.8,17.1,3.5,5.8,0.7,0.1,1.8,0.42,0.378,0.867,0.5,3.1,109.0,110.7,-1.6,0.32,3.29,25.7,0.016,0.107,0.06,7.8,0.517,0.57,0.246,101.44,0.128,
1642403,Isaac Jones,SAC,24.0,40,7.6,3.4,1.4,0.3,0.1,0.3,0.4,0.651,0.375,0.639,0.6,0.9,104.6,115.1,-10.5,0.057,0.75,9.5,0.071,0.12,0.095,12.7,0.669,0.678,0.152,102.68,0.087,
1630171,Isaac Okoro,CLE,24.0,55,19.1,6.1,2.4,1.2,0.6,0.3,0.4,0.464,0.371,0.717,0.9,1.5,122.1,109.7,12.5,0.078,2.96,17.9,0.047,0.072,0.06,6.1,0.569,0.587,0.124,100.08,0.057,
1642268,Isaiah Collier,UTA,20.0,71,25.9,8.7,3.3,6.3,0.9,0.2,2.9,0.422,0.249,0.682,0.5,2.9,108.3,118.6,-10.4,0.342,2.14,34.9,0.017,0.104,0.061,16.3,0.459,0.494,0.186,102.44,0.077,
1642384,Isaiah Crawford,SAC,23.0,15,3.0,0.9,0.5,0.1,0.1,0.1,0.1,0.455,0.2,0.5,0.1,0.5,112.0,92.7,19.3,0.029,1.0,6.7,0.023,0.149,0.088,6.7,0.5,0.509,0.122,103.01,0.07,
1628392,Isaiah Hartenstein,OKC,27.0,57,27.9,11.2,10.7,3.8,0.8,1.1,1.7,0.581,0.0,0.675,2.9,7.9,118.3,105.3,13.0,0.178,2.28,25.9,0.103,0.262,0.185,11.3,0.581,0.599,0.165,101.56,0.138,
1630198,Isaiah Joe,OKC,25.0,74,21.7,10.2,2.6,1.6,0.6,0.1,0.5,0.44,0.412,0.821,0.6,2.1,119.9,104.1,15.8,0.096,3.13,15.6,0.025,0.089,0.058,5.0,0.604,0.617,0.166,102.23,0.089,
1630191,Isaiah Stewart,DET,24.0,72,19.9,6.0,5.5,1.7,0.4,1.4,0.9,0.559,0.321,0.759,1.8,3.7,109.1,108.6,0.5,0.12,1.81,22.7,0.086,0.17,0.129,12.5,0.586,0.616,0.121,101.75,0.096,
1631209,Isaiah Wong,CHA,24.0,20,13.3,6.0,1.6,1.4,0.6,0.0,0.9,0.39,0.394,0.735,0.7,0.9,100.0,102.6,-2.6,0.187,1.56,16.8,0.051,0.071,0.06,10.8,0.452,0.5,0.22,98.35,0.077,
1627826,Ivica Zubac,LAC,28.0,80,32.8,16.8,12.6,2.7,0.7,1.1,1.6,0.628,0.0,0.661,3.8,8.9,116.5,107.1,9.4,0.121,1.69,15.5,0.122,0.271,0.199,9.2,0.628,0.641,0.192,98.55,0.157,
1631120,JD Davison,BOS,22.0,16,5.8,2.1,0.8,0.8,0.3,0.1,0.8,0.353,0.222,0.714,0.1,0.7,91.7,105.4,-13.7,0.277,1.0,20.6,0.02,0.118,0.067,20.6,0.412,0.445,0.228,94.28,0.079,
1630550,JT Thor,WAS,22.0,20,12.5,3.6,2.4,0.3,0.4,0.5,0.5,0.424,0.286,0.682,1.0,1.4,95.3,115.3,-20.0,0.04,0.67,7.1,0.07,0.101,0.085,10.6,0.475,0.517,0.132,98.57,0.065,
1629630,Ja Morant,MEM,25.0,50,30.4,23.2,4.1,7.3,1.2,0.2,3.7,0.454,0.309,0.824,0.7,3.4,116.4,109.6,6.8,0.355,1.97,23.1,0.021,0.101,0.062,11.8,0.504,0.563,0.312,105.74,0.141,
1642266,Ja'Kobe Walter,TOR,20.0,52,21.2,8.6,3.1,1.6,0.8,0.2,1.0,0.405,0.349,0.795,1.1,1.9,108.6,111.1,-2.4,0.105,1.62,14.5,0.049,0.092,0.07,8.9,0.487,0.523,0.179,101.29,0.068,
1631095,Jabari Smith Jr.,HOU,22.0,57,30.1,12.2,7.0,1.1,0.4,0.7,1.1,0.438,0.354,0.825,1.8,5.2,113.4,106.1,7.3,0.048,0.98,8.1,0.055,0.162,0.107,8.2,0.525,0.562,0.16,100.0,0.093,
1631133,Jabari Walker,POR,22.0,60,12.5,5.2,3.5,0.6,0.6,0.1,0.6,0.515,0.389,0.69,1.0,2.5,108.1,107.6,0.5,0.071,1.09,11.2,0.072,0.198,0.133,10.3,0.576,0.601,0.156,103.86,0.107,
1631210,Jacob Toppin,ATL,25.0,17,4.4,1.4,0.9,0.4,0.1,0.0,0.2,0.409,0.5,0.0,0.2,0.7,89.9,104.4,-14.5,0.133,2.0,19.4,0.041,0.148,0.097,9.7,0.523,0.523,0.14,101.56,0.09,
1630702,Jaden Hardy,DAL,22.0,57,15.9,8.7,1.6,1.4,0.5,0.1,1.4,0.435,0.386,0.698,0.2,1.4,108.3,111.6,-3.2,0.138,0.99,13.2,0.01,0.085,0.048,13.3,0.527,0.549,0.244,102.83,0.069,
1631093,Jaden Ivey,DET,23.0,30,29.9,17.6,4.1,4.0,0.9,0.4,3.0,0.46,0.409,0.733,1.3,2.8,110.5,114.6,-4.1,0.207,1.34,17.7,0.043,0.091,0.067,13.2,0.536,0.569,0.256,99.52,0.099,
1630183,Jaden McDaniels,MIN,24.0,82,31.9,12.2,5.7,2.0,1.3,0.9,1.2,0.477,0.33,0.813,1.6,4.2,113.9,109.9,4.0,0.091,1.72,14.2,0.048,0.126,0.087,8.3,0.537,0.562,0.16,98.07,0.086,
1630531,Jaden Springer,UTA,22.0,43,8.5,2.5,1.3,0.8,0.6,0.1,0.4,0.389,0.25,0.711,0.4,1.0,105.6,108.9,-3.3,0.13,2.06,21.0,0.044,0.107,0.076,10.2,0.456,0.511,0.139,102.79,0.063,
1630256,Jae'Sean Tate,HOU,29.0,52,11.3,3.6,2.3,0.9,0.5,0.1,0.4,0.473,0.348,0.681,1.0,1.3,111.0,104.7,6.3,0.107,2.14,19.7,0.072,0.108,0.089,9.2,0.527,0.557,0.126,103.16,0.071,
1631170,Jaime Jaquez Jr.,MIA,24.0,66,20.7,8.6,4.4,2.5,0.9,0.2,1.5,0.461,0.311,0.754,1.3,3.1,107.9,113.9,-6.0,0.181,1.69,21.1,0.06,0.145,0.103,12.4,0.501,0.543,0.194,99.18,0.098,
1631222,Jake LaRavia,SAC,23.0,66,20.4,6.9,3.9,2.4,0.9,0.3,1.3,0.475,0.423,0.678,1.4,2.6,115.0,111.2,3.8,0.15,1.84,24.9,0.063,0.12,0.091,13.5,0.564,0.591,0.14,103.86,0.081,
1627751,Jakob Poeltl,TOR,29.0,57,29.6,14.5,9.6,2.8,1.2,1.2,1.9,0.627,0.333,0.674,3.3,6.3,111.2,111.9,-0.7,0.136,1.42,17.4,0.11,0.206,0.158,12.2,0.628,0.641,0.184,101.44,0.133,
1628973,Jalen Brunson,NYK,28.0,65,35.4,26.0,2.9,7.3,0.9,0.1,2.5,0.488,0.383,0.821,0.4,2.5,118.3,115.7,2.6,0.318,2.9,23.5,0.012,0.072,0.042,8.1,0.551,0.605,0.289,97.79,0.138,
1631105,Jalen Duren,DET,21.0,78,26.1,11.8,10.3,2.7,0.7,1.1,1.7,0.692,0.0,0.669,3.6,6.8,115.5,114.0,1.5,0.141,1.54,21.0,0.137,0.259,0.199,13.6,0.692,0.703,0.161,101.29,0.14,
1630224,Jalen Green,HOU,23.0,82,32.9,21.0,4.6,3.4,0.9,0.3,2.5,0.423,0.354,0.813,0.5,4.0,113.8,111.1,2.8,0.159,1.39,13.7,0.015,0.12,0.065,9.9,0.505,0.544,0.267,99.75,0.111,
1641720,Jalen Hood-Schifino,PHI,22.0,15,21.0,7.1,1.8,2.5,0.3,0.5,1.2,0.378,0.304,0.857,0.2,1.6,107.2,123.5,-16.4,0.165,2.06,22.7,0.009,0.077,0.041,11.0,0.449,0.494,0.164,101.36,0.049,
1630552,Jalen Johnson,ATL,23.0,36,35.7,18.9,10.0,5.0,1.6,1.0,2.9,0.5,0.312,0.746,1.7,8.3,111.8,110.2,1.6,0.203,1.71,20.5,0.046,0.216,0.132,12.0,0.541,0.569,0.214,106.68,0.135,
1629618,Jalen Pickett,DEN,25.0,49,13.6,4.1,1.4,2.2,0.4,0.1,0.5,0.428,0.396,0.75,0.3,1.1,112.6,109.7,2.9,0.211,4.46,34.1,0.022,0.078,0.051,7.6,0.539,0.545,0.13,99.25,0.078,
1630188,Jalen Smith,CHI,25.0,64,15.0,8.2,5.6,1.0,0.3,0.7,0.6,0.466,0.324,0.809,1.4,4.2,110.3,111.5,-1.2,0.101,1.76,11.9,0.085,0.241,0.165,6.8,0.554,0.586,0.201,106.06,0.133,
1630591,Jalen Suggs,ORL,24.0,35,28.6,16.2,4.0,3.7,1.5,0.9,2.9,0.41,0.314,0.882,0.7,3.4,105.7,104.8,1.0,0.216,1.26,17.0,0.023,0.126,0.072,13.5,0.489,0.536,0.268,99.02,0.107,
1631114,Jalen Williams,OKC,24.0,69,32.4,21.6,5.3,5.1,1.6,0.7,2.2,0.484,0.365,0.789,0.9,4.5,116.7,106.5,10.2,0.233,2.36,19.7,0.026,0.131,0.079,8.3,0.537,0.573,0.27,102.44,0.138,
1630592,Jalen Wilson,BKN,24.0,79,25.7,9.5,3.4,1.8,0.5,0.1,1.0,0.397,0.337,0.818,0.9,2.5,106.9,113.7,-6.7,0.11,1.84,15.9,0.035,0.102,0.067,8.6,0.495,0.541,0.161,97.23,0.065,
1631288,Jamal Cain,NOP,26.0,37,13.6,5.3,2.3,0.6,0.6,0.2,0.6,0.43,0.325,0.68,0.7,1.6,106.4,119.3,-12.9,0.065,1.0,9.8,0.05,0.117,0.082,9.8,0.513,0.544,0.167,100.49,0.067,
1627750,Jamal Murray,DEN,28.0,67,36.1,21.4,3.9,6.0,1.4,0.5,2.1,0.474,0.393,0.886,0.7,3.2,122.0,115.5,6.5,0.223,2.92,22.9,0.019,0.084,0.053,7.8,0.543,0.584,0.235,100.72,0.111,
1642347,Jamal Shead,TOR,22.0,75,19.6,7.1,1.5,4.2,0.8,0.1,1.6,0.405,0.323,0.768,0.4,1.1,105.5,113.3,-7.8,0.307,2.7,32.8,0.019,0.057,0.037,12.1,0.476,0.499,0.179,102.18,0.07,
201935,James Harden,LAC,35.0,79,35.3,22.8,5.8,8.7,1.5,0.7,4.3,0.41,0.352,0.874,0.7,5.1,115.4,109.2,6.2,0.365,2.01,26.9,0.02,0.143,0.083,13.4,0.501,0.582,0.286,98.82,0.145,
201949,James Johnson,IND,38.0,12,3.1,0.7,0.5,0.3,0.0,0.2,0.3,0.364,0.0,0.0,0.0,0.5,97.4,110.5,-13.1,0.16,1.0,21.1,0.0,0.176,0.087,21.1,0.364,0.35,0.165,100.28,0.015,
1642419,Jamison Battle,TOR,24.0,59,17.7,7.1,2.7,0.9,0.3,0.2,0.5,0.429,0.405,0.889,0.6,2.1,105.0,113.4,-8.4,0.073,1.96,12.2,0.032,0.117,0.072,6.2,0.581,0.59,0.147,102.32,0.072,
1641716,Jarace Walker,IND,21.0,75,15.8,6.1,3.1,1.5,0.7,0.3,1.0,0.472,0.405,0.667,0.3,2.7,107.0,112.1,-5.0,0.129,1.41,19.1,0.021,0.178,0.098,13.5,0.576,0.59,0.165,103.23,0.087,
1630215,Jared Butler,PHI,24.0,60,17.4,9.0,1.8,3.7,0.7,0.2,1.3,0.448,0.355,0.824,0.4,1.4,108.5,114.5,-6.0,0.317,2.75,27.9,0.022,0.076,0.049,10.2,0.514,0.549,0.222,102.6,0.102,
1642272,Jared McCain,PHI,21.0,23,25.7,15.3,2.4,2.6,0.7,0.0,1.6,0.46,0.383,0.875,0.6,1.9,109.3,111.4,-2.1,0.171,1.62,15.2,0.022,0.076,0.048,9.3,0.553,0.589,0.243,98.18,0.106,
1631197,Jared Rhoden,TOR,25.0,14,16.2,8.4,3.0,1.1,0.7,0.1,0.6,0.483,0.308,0.88,1.0,2.0,118.1,103.4,14.7,0.098,1.78,12.9,0.052,0.113,0.082,7.3,0.552,0.602,0.183,103.89,0.106,
1628991,Jaren Jackson Jr.,MEM,25.0,74,29.8,22.2,5.6,2.0,1.2,1.5,2.1,0.488,0.375,0.781,1.2,4.4,115.2,108.8,6.4,0.102,0.97,8.8,0.038,0.134,0.087,9.1,0.548,0.591,0.274,105.56,0.124,
1629020,Jarred Vanderbilt,LAL,26.0,36,16.1,4.1,5.1,1.1,1.0,0.3,0.8,0.488,0.281,0.556,1.9,3.2,115.6,112.2,3.3,0.094,1.41,19.9,0.114,0.194,0.154,14.1,0.525,0.537,0.116,100.61,0.082,
1628386,Jarrett Allen,CLE,27.0,82,28.0,13.5,9.7,1.9,0.9,0.9,1.2,0.706,0.0,0.718,2.6,7.1,121.9,111.3,10.5,0.091,1.63,15.5,0.095,0.238,0.169,9.5,0.706,0.724,0.156,101.43,0.148,
1629750,Javonte Green,CLE,31.0,68,18.5,5.1,3.2,0.8,1.0,0.5,0.5,0.429,0.326,0.724,0.9,2.3,109.1,117.0,-7.8,0.059,1.75,13.8,0.042,0.122,0.081,7.9,0.509,0.541,0.113,101.97,0.064,
1629637,Jaxson Hayes,LAL,25.0,56,19.5,6.8,4.8,1.0,0.6,0.9,0.8,0.722,0.0,0.622,1.4,3.4,112.3,109.8,2.5,0.076,1.35,15.8,0.074,0.163,0.121,11.7,0.722,0.72,0.12,100.51,0.097,
1630643,Jay Huff,MEM,27.0,64,11.7,6.9,2.0,0.6,0.3,0.9,0.5,0.515,0.405,0.786,0.5,1.5,111.0,110.1,0.8,0.077,1.12,9.4,0.039,0.12,0.081,8.4,0.648,0.666,0.194,106.71,0.108,
1627759,Jaylen Brown,BOS,28.0,63,34.3,22.2,5.8,4.5,1.2,0.3,2.6,0.463,0.324,0.764,1.3,4.5,121.1,111.7,9.5,0.204,1.77,16.8,0.037,0.126,0.082,9.5,0.515,0.555,0.282,98.57,0.114,
1641740,Jaylen Clark,MIN,23.0,40,13.0,4.1,1.3,0.7,0.9,0.1,0.2,0.467,0.431,0.784,0.7,0.7,115.2,109.6,5.6,0.067,3.25,15.1,0.047,0.053,0.05,4.7,0.558,0.598,0.115,101.98,0.057,
1641798,Jaylen Martin,WAS,21.0,16,14.9,4.9,2.8,1.1,0.6,0.0,0.8,0.419,0.304,0.9,0.7,2.1,93.6,120.7,-27.1,0.12,1.42,16.0,0.04,0.141,0.086,11.3,0.466,0.497,0.155,100.58,0.074,
1642377,Jaylen Wells,MEM,21.0,79,25.9,10.4,3.4,1.7,0.6,0.1,0.9,0.425,0.352,0.822,1.1,2.3,116.7,111.9,4.7,0.082,1.96,14.4,0.04,0.083,0.061,7.4,0.527,0.56,0.156,104.64,0.065,
1631119,Jaylin Williams,OKC,23.0,47,16.7,5.9,5.6,2.6,0.5,0.6,0.7,0.439,0.399,0.767,1.0,4.6,121.0,103.0,17.9,0.19,3.43,30.9,0.059,0.251,0.158,9.0,0.577,0.594,0.141,102.7,0.124,
1642281,Jaylon Tyson,CLE,22.0,47,9.6,3.6,2.0,0.9,0.3,0.1,0.6,0.43,0.345,0.792,0.8,1.3,108.4,108.8,-0.4,0.135,1.69,19.1,0.076,0.117,0.097,11.3,0.497,0.523,0.164,101.31,0.075,
1628369,Jayson Tatum,BOS,27.0,72,36.4,26.8,8.7,6.0,1.1,0.5,2.9,0.452,0.343,0.814,0.7,8.0,119.6,109.8,9.8,0.266,2.06,18.9,0.017,0.206,0.112,9.2,0.537,0.582,0.301,98.14,0.158,
1641789,Jazian Gortman,DAL,22.0,16,3.5,1.5,0.3,0.4,0.1,0.1,0.3,0.391,0.364,0.5,0.1,0.3,103.8,99.2,4.6,0.154,1.2,17.1,0.016,0.065,0.04,14.3,0.478,0.485,0.195,109.79,0.031,
1630288,Jeff Dowtin Jr.,PHI,28.0,41,15.1,7.0,1.5,1.9,0.6,0.3,0.4,0.487,0.4,0.733,0.3,1.2,107.6,116.7,-9.2,0.196,5.2,22.8,0.018,0.079,0.047,4.4,0.548,0.57,0.176,99.32,0.106,
201145,Jeff Green,HOU,38.0,32,12.4,5.4,1.8,0.6,0.2,0.1,0.3,0.504,0.367,0.808,0.3,1.5,112.2,116.1,-3.9,0.068,2.22,12.4,0.024,0.108,0.065,5.6,0.624,0.649,0.144,100.43,0.085,
203924,Jerami Grant,POR,31.0,47,32.4,14.4,3.5,2.1,0.9,1.0,1.4,0.373,0.365,0.849,0.6,2.9,107.4,113.4,-6.1,0.099,1.55,12.5,0.015,0.088,0.05,8.0,0.467,0.523,0.192,100.41,0.07,
1630526,Jeremiah Robinson-Earl,NOP,24.0,66,18.8,6.3,4.8,1.3,0.6,0.1,0.8,0.455,0.341,0.836,1.7,3.1,107.2,119.0,-11.8,0.101,1.73,17.2,0.082,0.166,0.122,10.0,0.536,0.563,0.14,100.95,0.087,
1631110,Jeremy Sochan,SAS,22.0,54,25.3,11.4,6.5,2.4,0.8,0.5,1.6,0.535,0.308,0.696,2.4,4.2,111.9,114.5,-2.7,0.138,1.52,17.4,0.088,0.154,0.121,11.4,0.565,0.589,0.184,101.53,0.101,
1630579,Jericho Sims,MIL,26.0,53,11.9,1.8,3.7,0.6,0.2,0.4,0.6,0.634,0.0,0.615,1.3,2.4,111.5,109.1,2.4,0.068,1.0,23.1,0.114,0.196,0.156,23.1,0.634,0.639,0.074,98.7,0.07,
1641724,Jett Howard,ORL,21.0,60,11.7,4.5,1.2,0.7,0.2,0.2,0.6,0.374,0.296,0.696,0.3,0.8,103.0,108.7,-5.7,0.102,1.22,12.5,0.026,0.074,0.048,10.2,0.479,0.491,0.181,99.92,0.045,
1628975,Jevon Carter,CHI,29.0,36,8.9,4.3,1.1,1.1,0.4,0.1,0.3,0.377,0.333,0.8,0.1,1.0,114.8,111.5,3.3,0.166,3.64,19.9,0.012,0.094,0.054,5.5,0.497,0.509,0.2,106.46,0.082,
202710,Jimmy Butler III,GSW,35.0,55,31.7,17.5,5.4,5.4,1.4,0.3,1.3,0.504,0.308,0.842,2.3,3.1,115.9,109.6,6.3,0.26,4.03,26.2,0.07,0.101,0.085,6.5,0.531,0.626,0.203,98.95,0.145,
1629111,Jock Landale,HOU,29.0,42,11.9,4.8,3.3,0.9,0.3,0.2,0.5,0.533,0.423,0.675,1.3,1.9,110.5,112.6,-2.1,0.102,1.76,16.3,0.099,0.151,0.125,9.3,0.569,0.59,0.148,103.58,0.097,
204060,Joe Ingles,MIN,37.0,19,6.0,0.8,0.6,1.2,0.1,0.0,0.5,0.261,0.2,0.0,0.1,0.5,108.9,113.1,-4.2,0.261,2.56,41.8,0.017,0.08,0.048,16.4,0.326,0.326,0.113,102.03,0.025,
203954,Joel Embiid,PHI,31.0,19,30.2,23.8,8.2,4.5,0.7,0.9,3.3,0.444,0.299,0.882,1.9,6.3,104.0,109.5,-5.5,0.286,1.37,15.8,0.062,0.207,0.134,11.5,0.481,0.58,0.342,99.95,0.169,
1628381,John Collins,UTA,27.0,40,30.5,19.0,8.2,2.0,1.0,1.0,2.6,0.527,0.399,0.848,2.2,6.0,112.4,113.3,-0.9,0.105,0.78,10.2,0.073,0.179,0.128,13.2,0.583,0.628,0.234,101.72,0.129,
1629723,John Konchar,MEM,29.0,46,12.1,2.4,3.3,0.9,0.7,0.3,0.3,0.451,0.371,0.875,0.8,2.5,113.2,107.8,5.4,0.095,2.63,27.6,0.06,0.187,0.123,10.5,0.577,0.592,0.077,105.46,0.094,
1631098,Johnny Davis,WAS,23.0,34,7.1,2.4,1.1,0.3,0.4,0.2,0.2,0.41,0.241,0.6,0.3,0.8,104.7,107.2,-2.5,0.064,1.57,10.7,0.036,0.104,0.069,6.8,0.455,0.473,0.15,106.66,0.067,
1642277,Johnny Furphy,IND,20.0,50,7.6,2.1,1.4,0.4,0.4,0.2,0.2,0.38,0.3,0.818,0.5,1.0,106.1,105.4,0.6,0.063,1.58,14.4,0.06,0.126,0.093,9.1,0.462,0.506,0.118,105.49,0.059,
1630548,Johnny Juzang,UTA,24.0,64,19.8,8.9,2.9,1.1,0.6,0.1,0.6,0.429,0.376,0.849,0.7,2.2,107.2,120.3,-13.1,0.08,1.89,11.3,0.031,0.109,0.07,6.0,0.554,0.573,0.174,102.1,0.071,
202685,Jonas Valančiūnas,SAC,33.0,81,18.8,10.4,7.7,2.0,0.5,0.6,1.5,0.55,0.216,0.879,2.3,5.4,109.2,118.8,-9.6,0.171,1.37,16.6,0.122,0.286,0.203,12.2,0.557,0.602,0.222,101.28,0.147,
1628371,Jonathan Isaac,ORL,27.0,71,15.4,5.4,4.4,0.6,0.9,1.1,0.5,0.414,0.258,0.682,1.7,2.7,105.9,106.6,-0.7,0.056,1.21,9.0,0.1,0.188,0.141,7.4,0.474,0.512,0.155,98.62,0.108,
1630228,Jonathan Kuminga,GSW,22.0,47,24.3,15.3,4.6,2.2,0.8,0.4,1.5,0.454,0.305,0.668,1.2,3.4,110.0,108.9,1.0,0.151,1.46,12.2,0.045,0.134,0.088,8.3,0.495,0.535,0.271,100.21,0.11,
1642367,Jonathan Mogbo,TOR,23.0,63,20.4,6.2,4.9,2.3,0.9,0.5,1.1,0.438,0.243,0.732,1.7,3.2,103.7,111.9,-8.2,0.16,2.09,24.1,0.076,0.157,0.114,11.5,0.462,0.496,0.145,102.69,0.083,
203903,Jordan Clarkson,UTA,33.0,37,26.0,16.2,3.2,3.7,0.8,0.2,2.3,0.408,0.362,0.797,0.7,2.5,107.5,117.5,-10.0,0.238,1.6,17.8,0.025,0.092,0.058,11.1,0.493,0.54,0.269,102.16,0.102,
1630692,Jordan Goodwin,LAL,26.0,29,18.7,5.6,3.9,1.4,1.0,0.4,0.9,0.438,0.382,0.818,1.3,2.6,111.2,112.4,-1.2,0.108,1.62,19.4,0.068,0.135,0.101,12.0,0.528,0.541,0.134,99.53,0.08,
1641722,Jordan Hawkins,NOP,23.0,56,23.6,10.8,2.8,1.2,0.5,0.4,1.0,0.372,0.331,0.816,0.4,2.4,106.6,118.1,-11.4,0.076,1.14,9.2,0.017,0.097,0.056,8.1,0.471,0.504,0.204,101.14,0.066,
1629162,Jordan McLaughlin,SAS,29.0,46,6.8,2.1,0.7,1.1,0.3,0.0,0.3,0.431,0.413,0.773,0.1,0.5,118.0,108.9,9.1,0.208,3.19,34.2,0.021,0.074,0.05,10.7,0.563,0.6,0.134,99.58,0.083,
1641757,Jordan Miller,LAC,25.0,37,11.4,4.1,1.6,0.9,0.5,0.1,0.7,0.433,0.211,0.8,0.6,0.9,103.8,109.8,-6.0,0.124,1.31,16.2,0.053,0.084,0.068,12.4,0.463,0.509,0.175,100.15,0.07,
1629673,Jordan Poole,WAS,26.0,68,29.4,20.5,3.0,4.5,1.3,0.4,3.0,0.432,0.378,0.883,0.5,2.5,104.8,117.9,-13.1,0.254,1.49,18.0,0.014,0.08,0.046,12.1,0.544,0.591,0.281,103.95,0.107,
1641775,Jordan Walsh,BOS,21.0,52,7.8,1.6,1.3,0.4,0.2,0.2,0.3,0.361,0.273,0.583,0.4,0.9,111.8,108.0,3.8,0.064,1.12,15.3,0.057,0.113,0.085,13.7,0.452,0.464,0.11,98.14,0.045,
1630631,Jose Alvarado,NOP,27.0,56,24.4,10.3,2.4,4.6,1.3,0.3,1.5,0.392,0.359,0.811,0.5,1.9,108.4,117.1,-8.7,0.278,3.01,29.0,0.019,0.077,0.047,9.6,0.498,0.523,0.193,99.89,0.09,
1630528,Josh Christopher,MIA,23.0,14,5.0,2.0,0.6,0.6,0.4,0.2,0.4,0.355,0.182,0.667,0.0,0.6,105.7,108.2,-2.5,0.145,1.33,16.7,0.0,0.115,0.063,12.5,0.387,0.416,0.235,109.7,0.063,
1630581,Josh Giddey,CHI,22.0,70,30.2,14.6,8.1,7.2,1.2,0.6,2.9,0.465,0.378,0.781,1.8,6.3,113.1,114.4,-1.4,0.322,2.49,31.4,0.059,0.192,0.127,12.6,0.531,0.57,0.214,104.47,0.13,
1630182,Josh Green,CHA,24.0,68,27.8,7.4,2.5,1.6,1.1,0.2,1.0,0.428,0.391,0.681,0.8,1.7,105.3,114.2,-8.9,0.081,1.54,17.1,0.027,0.06,0.043,11.1,0.543,0.559,0.115,100.08,0.043,
1628404,Josh Hart,NYK,30.0,77,37.6,13.6,9.6,5.9,1.5,0.4,2.1,0.525,0.333,0.776,2.1,7.5,117.9,114.3,3.6,0.206,2.87,30.8,0.057,0.203,0.13,10.8,0.579,0.611,0.151,97.79,0.119,
1631169,Josh Minott,MIN,22.0,46,6.0,2.6,1.0,0.4,0.3,0.3,0.2,0.489,0.326,0.895,0.3,0.8,104.0,107.0,-3.0,0.096,1.64,14.2,0.044,0.115,0.081,8.7,0.567,0.605,0.16,104.77,0.095,
1629006,Josh Okogie,CHA,26.0,40,15.6,7.1,2.8,0.8,1.2,0.5,0.8,0.443,0.348,0.741,1.1,1.7,108.8,109.3,-0.5,0.082,1.06,10.5,0.066,0.108,0.086,9.9,0.519,0.567,0.185,98.69,0.1,
201950,Jrue Holiday,BOS,35.0,62,30.6,11.1,4.3,3.9,1.1,0.4,1.2,0.443,0.353,0.909,1.2,3.0,116.6,107.7,8.9,0.174,3.1,25.9,0.038,0.091,0.065,8.3,0.538,0.565,0.156,99.38,0.088,
1630577,Julian Champagnie,SAS,24.0,82,23.6,9.9,3.9,1.4,0.7,0.4,0.9,0.415,0.371,0.904,0.8,3.1,112.3,114.5,-2.1,0.078,1.5,12.6,0.032,0.121,0.077,8.4,0.549,0.577,0.164,102.25,0.079,
1641763,Julian Phillips,CHI,21.0,79,14.2,4.6,2.1,0.5,0.5,0.3,0.3,0.446,0.327,0.789,0.8,1.3,112.9,111.1,1.8,0.045,1.44,10.1,0.056,0.082,0.07,7.0,0.533,0.571,0.126,104.0,0.055,
1631124,Julian Strawther,DEN,23.0,65,21.3,9.0,2.2,1.3,0.6,0.2,0.9,0.432,0.349,0.822,0.3,1.9,111.9,114.4,-2.5,0.082,1.46,12.5,0.012,0.083,0.049,8.6,0.529,0.559,0.173,102.79,0.057,
203944,Julius Randle,MIN,30.0,69,32.3,18.7,7.1,4.7,0.7,0.2,2.8,0.485,0.344,0.806,2.1,5.0,115.0,111.6,3.4,0.228,1.65,20.1,0.065,0.149,0.108,12.2,0.542,0.593,0.246,98.45,0.124,
1630551,Justin Champagnie,WAS,24.0,62,21.6,8.8,5.7,1.0,1.0,0.6,0.9,0.511,0.383,0.685,1.8,3.9,107.1,116.8,-9.7,0.066,1.11,10.8,0.077,0.159,0.119,9.7,0.601,0.614,0.15,102.96,0.101,
1642348,Justin Edwards,PHI,21.0,44,26.2,10.1,3.4,1.6,1.0,0.4,1.1,0.455,0.363,0.696,1.0,2.3,111.6,123.2,-11.6,0.084,1.41,13.3,0.038,0.094,0.065,9.5,0.546,0.559,0.165,99.43,0.062,
1631303,Justin Minaya,POR,26.0,19,5.3,0.9,0.5,0.4,0.3,0.1,0.3,0.381,0.2,0.0,0.3,0.3,95.0,101.9,-6.9,0.108,1.4,20.6,0.047,0.055,0.051,14.7,0.429,0.411,0.107,103.22,0.02,
203994,Jusuf Nurkić,CHA,30.0,51,20.8,8.9,7.8,2.3,0.8,0.7,1.9,0.477,0.305,0.664,1.7,6.1,106.1,115.1,-9.0,0.167,1.19,18.6,0.077,0.285,0.181,15.7,0.523,0.555,0.202,99.79,0.116,
1630231,KJ Martin,UTA,24.0,43,21.2,6.4,2.9,1.1,0.4,0.5,0.6,0.552,0.259,0.787,0.7,2.2,109.3,117.4,-8.1,0.074,2.0,16.4,0.032,0.103,0.067,8.2,0.59,0.618,0.112,100.63,0.061,
1642354,KJ Simpson,CHA,22.0,36,23.4,7.8,3.0,3.1,0.9,0.2,1.6,0.346,0.254,0.82,1.1,1.9,101.0,116.4,-15.4,0.21,2.0,22.8,0.042,0.081,0.06,11.4,0.4,0.437,0.188,99.1,0.06,
1630539,Kai Jones,DAL,24.0,40,11.7,5.0,3.1,0.6,0.4,0.6,0.5,0.798,0.2,0.719,1.0,2.1,107.0,109.2,-2.3,0.08,1.39,15.2,0.089,0.173,0.133,11.0,0.803,0.804,0.128,99.77,0.131,
1626157,Karl-Anthony Towns,NYK,29.0,72,35.0,24.4,12.8,3.1,1.0,0.7,2.7,0.526,0.42,0.829,2.9,9.8,119.4,112.7,6.8,0.13,1.16,12.4,0.087,0.284,0.187,10.7,0.584,0.63,0.265,99.25,0.161,
1631255,Karlo Matković,NOP,24.0,42,18.8,7.7,5.0,1.1,0.5,1.0,1.0,0.574,0.318,0.773,1.5,3.5,109.4,114.1,-4.7,0.083,1.07,13.5,0.079,0.177,0.129,12.6,0.619,0.639,0.155,101.91,0.096,
202695,Kawhi Leonard,LAC,34.0,37,31.9,21.5,5.9,3.1,1.6,0.5,1.9,0.498,0.411,0.81,0.9,5.0,120.3,107.9,12.4,0.147,1.61,13.5,0.033,0.158,0.098,8.4,0.56,0.589,0.28,97.26,0.134,
1630811,Keaton Wallace,ATL,26.0,31,16.2,5.4,1.6,2.6,0.9,0.3,1.1,0.401,0.329,1.0,0.2,1.4,106.2,108.4,-2.2,0.224,2.45,28.8,0.013,0.08,0.047,11.7,0.485,0.503,0.164,102.77,0.074,
1631099,Keegan Murray,SAC,24.0,76,34.3,12.4,6.7,1.4,0.8,0.9,0.8,0.444,0.343,0.833,1.9,4.8,114.8,113.4,1.5,0.055,1.82,10.7,0.056,0.134,0.095,5.9,0.538,0.553,0.148,100.09,0.075,
1631232,Keion Brooks Jr.,NOP,24.0,14,23.7,10.1,4.1,0.9,0.7,0.7,0.9,0.486,0.326,0.733,0.9,3.3,100.7,121.2,-20.5,0.062,1.08,8.8,0.034,0.136,0.084,8.2,0.55,0.581,0.169,101.63,0.079,
1642276,Kel'el Ware,MIA,21.0,64,22.2,9.3,7.4,0.9,0.6,1.1,0.9,0.554,0.315,0.687,1.8,5.6,112.8,110.9,1.9,0.062,1.05,9.8,0.087,0.238,0.167,9.3,0.592,0.603,0.169,98.6,0.119,
1629640,Keldon Johnson,SAS,25.0,77,23.9,12.7,4.8,1.6,0.6,0.3,1.0,0.482,0.318,0.773,1.5,3.4,110.1,115.9,-5.8,0.105,1.62,11.9,0.057,0.136,0.096,7.3,0.538,0.572,0.207,102.06,0.103,
203482,Kelly Olynyk,NOP,34.0,44,20.2,8.7,4.7,2.9,0.8,0.4,1.7,0.5,0.418,0.769,1.4,3.3,110.7,113.4,-2.7,0.2,1.68,24.4,0.069,0.154,0.112,14.5,0.562,0.609,0.185,100.28,0.098,
1626162,Kelly Oubre Jr.,PHI,29.0,60,34.6,15.1,6.1,1.8,1.5,0.5,1.3,0.47,0.293,0.751,1.6,4.5,110.7,116.4,-5.7,0.079,1.35,10.7,0.046,0.14,0.091,8.0,0.518,0.551,0.186,98.68,0.084,
1629026,Kenrich Williams,OKC,30.0,69,16.4,6.3,3.5,1.4,0.6,0.1,0.6,0.483,0.386,0.718,0.9,2.6,118.7,104.1,14.5,0.111,2.49,19.2,0.056,0.148,0.102,7.7,0.576,0.587,0.151,101.26,0.093,
203484,Kentavious Caldwell-Pope,MEM,32.0,77,29.6,8.7,2.2,1.8,1.3,0.4,0.8,0.439,0.342,0.863,0.4,1.8,109.1,108.6,0.5,0.086,2.19,17.7,0.014,0.064,0.038,8.1,0.543,0.574,0.121,96.52,0.065,
1631165,Keon Ellis,SAC,25.0,80,24.4,8.3,2.7,1.5,1.5,0.8,0.9,0.489,0.433,0.849,0.8,1.9,116.1,113.2,3.0,0.08,1.69,17.4,0.031,0.079,0.055,10.3,0.639,0.664,0.125,99.07,0.073,
1630553,Keon Johnson,BKN,23.0,79,24.4,10.6,3.8,2.2,1.0,0.4,1.5,0.389,0.314,0.77,0.8,3.0,104.1,114.4,-10.3,0.148,1.51,15.5,0.031,0.125,0.076,10.3,0.47,0.499,0.212,98.77,0.07,
1642352,Keshad Johnson,MIA,24.0,16,6.1,2.7,1.8,0.3,0.3,0.3,0.3,0.692,0.429,0.444,0.4,1.4,105.5,104.1,1.3,0.058,1.0,10.5,0.067,0.188,0.136,10.5,0.75,0.718,0.145,106.64,0.114,
1630556,Kessler Edwards,DAL,24.0,40,15.2,4.2,2.9,1.1,0.5,0.5,0.4,0.496,0.407,0.923,0.6,2.3,110.0,122.3,-12.3,0.09,2.63,21.1,0.037,0.154,0.096,8.0,0.578,0.597,0.11,102.71,0.067,
201142,Kevin Durant,PHX,36.0,62,36.5,26.6,6.0,4.2,0.8,1.2,3.1,0.527,0.43,0.839,0.4,5.7,116.5,117.4,-1.0,0.188,1.38,15.2,0.011,0.147,0.084,11.0,0.598,0.642,0.283,99.49,0.142,
1628989,Kevin Huerter,CHI,26.0,69,24.3,9.9,3.0,2.3,1.0,0.3,1.0,0.425,0.338,0.714,0.4,2.5,114.5,111.7,2.8,0.124,2.33,18.4,0.017,0.098,0.058,7.9,0.535,0.544,0.171,102.32,0.073,
1628995,Kevin Knox II,GSW,25.0,14,6.0,3.3,1.2,0.4,0.1,0.3,0.3,0.5,0.267,0.75,0.5,0.7,112.7,115.6,-2.9,0.086,1.25,10.2,0.069,0.149,0.101,8.2,0.556,0.582,0.202,103.28,0.104,
201567,Kevin Love,MIA,36.0,23,10.9,5.3,4.1,1.0,0.7,0.2,0.6,0.357,0.358,0.696,1.0,3.1,108.7,112.3,-3.6,0.134,1.57,13.6,0.08,0.282,0.177,8.6,0.461,0.488,0.23,103.56,0.109,
1629645,Kevin Porter Jr.,MIL,25.0,75,19.8,10.3,3.7,3.4,1.1,0.2,1.8,0.449,0.311,0.769,0.6,3.1,109.1,108.0,1.1,0.276,1.88,22.9,0.029,0.148,0.092,12.2,0.492,0.531,0.248,100.63,0.119,
1626172,Kevon Looney,GSW,29.0,76,15.0,4.5,6.1,1.6,0.6,0.5,0.5,0.514,0.4,0.566,2.4,3.6,112.5,106.9,5.6,0.143,3.03,24.7,0.139,0.227,0.181,8.2,0.518,0.535,0.125,100.61,0.114,
1641718,Keyonte George,UTA,21.0,67,31.5,16.8,3.8,5.6,0.7,0.1,2.7,0.391,0.343,0.818,0.4,3.4,110.1,122.0,-11.9,0.272,2.06,23.6,0.012,0.104,0.058,11.5,0.485,0.539,0.237,101.25,0.093,
203114,Khris Middleton,WAS,33.0,37,22.8,11.9,3.7,4.1,0.9,0.2,1.5,0.475,0.361,0.857,0.4,3.4,114.1,112.6,1.5,0.251,2.68,26.0,0.015,0.132,0.076,9.7,0.546,0.588,0.208,104.75,0.114,
202691,Klay Thompson,DAL,35.0,72,27.3,14.0,3.4,2.0,0.7,0.4,1.2,0.412,0.391,0.905,0.6,2.8,112.8,115.2,-2.4,0.104,1.65,12.7,0.022,0.097,0.06,7.7,0.535,0.552,0.214,100.53,0.083,
1641738,Kobe Brown,LAC,25.0,40,6.8,1.9,1.6,0.6,0.2,0.1,0.3,0.458,0.231,0.714,0.5,1.2,105.9,114.7,-8.7,0.137,2.0,21.8,0.07,0.176,0.122,10.9,0.5,0.513,0.134,98.21,0.083,
1641723,Kobe Bufkin,ATL,21.0,10,12.4,5.3,2.1,1.7,0.3,0.2,0.8,0.383,0.211,0.722,0.5,1.6,95.3,103.3,-8.0,0.213,2.13,21.3,0.035,0.123,0.077,10.0,0.426,0.483,0.203,106.96,0.086,
1627739,Kris Dunn,LAC,31.0,74,24.1,6.4,3.4,2.8,1.7,0.4,1.0,0.439,0.335,0.682,0.7,2.7,113.8,106.0,7.8,0.153,2.84,28.7,0.031,0.111,0.072,10.1,0.525,0.531,0.126,99.24,0.07,
1631200,Kris Murray,POR,24.0,69,15.1,4.2,2.6,1.0,0.5,0.2,0.6,0.419,0.225,0.456,1.1,1.5,106.0,107.8,-1.8,0.09,1.58,16.3,0.066,0.096,0.081,10.3,0.468,0.472,0.133,102.7,0.061,
204001,Kristaps Porziņģis,BOS,29.0,42,28.8,19.5,6.8,2.1,0.7,1.5,1.3,0.483,0.412,0.809,1.6,5.1,116.2,110.3,5.8,0.113,1.64,10.8,0.054,0.163,0.11,6.6,0.572,0.618,0.253,99.83,0.132,
203937,Kyle Anderson,MIA,31.0,61,16.4,5.9,3.4,2.4,0.7,0.5,0.6,0.469,0.357,0.738,0.9,2.5,106.1,107.6,-1.5,0.211,3.92,28.3,0.049,0.148,0.097,7.2,0.51,0.538,0.152,100.06,0.108,
1642271,Kyle Filipowski,UTA,21.0,72,21.1,9.6,6.1,1.9,0.7,0.3,1.4,0.502,0.35,0.65,1.6,4.6,107.7,118.9,-11.3,0.14,1.37,17.0,0.07,0.213,0.14,12.4,0.576,0.594,0.184,102.46,0.103,
1628398,Kyle Kuzma,MIL,29.0,65,29.8,14.8,5.7,2.3,0.6,0.3,2.2,0.436,0.307,0.634,0.8,4.9,105.8,116.1,-10.3,0.123,1.04,12.3,0.027,0.155,0.091,11.8,0.493,0.514,0.233,102.96,0.08,
200768,Kyle Lowry,PHI,39.0,35,18.8,3.9,1.9,2.7,0.9,0.3,0.6,0.35,0.33,0.818,0.3,1.6,103.8,109.6,-5.8,0.206,4.57,38.4,0.016,0.086,0.05,8.4,0.474,0.525,0.1,99.28,0.067,
1630283,Kylor Kelley,LAL,27.0,11,11.5,3.1,3.5,0.5,0.1,0.3,0.4,0.636,0.0,0.6,1.1,2.5,101.4,130.5,-29.1,0.056,1.25,13.9,0.079,0.194,0.134,11.1,0.636,0.644,0.097,104.42,0.072,
202681,Kyrie Irving,DAL,33.0,50,36.1,24.7,4.8,4.6,1.3,0.5,2.2,0.473,0.401,0.916,1.2,3.6,116.5,113.9,2.6,0.198,2.08,16.9,0.033,0.093,0.064,8.1,0.549,0.594,0.264,99.98,0.129,
1642273,Kyshawn George,WAS,21.0,68,26.5,8.7,4.2,2.5,1.0,0.7,1.4,0.372,0.322,0.753,0.7,3.5,105.4,115.5,-10.1,0.133,1.74,19.8,0.025,0.122,0.074,11.4,0.476,0.503,0.156,102.7,0.058,
1630163,LaMelo Ball,CHA,23.0,47,32.0,25.2,4.9,7.4,1.1,0.3,3.6,0.405,0.339,0.843,1.0,3.9,112.7,116.5,-3.9,0.39,2.07,21.5,0.028,0.121,0.072,10.4,0.494,0.536,0.342,101.33,0.127,
1630205,Lamar Stevens,MEM,27.0,17,9.1,4.4,2.2,0.5,0.3,0.2,0.6,0.46,0.296,0.727,0.2,2.0,128.2,101.8,26.4,0.063,0.8,9.3,0.027,0.184,0.114,11.6,0.524,0.545,0.21,102.46,0.09,
1629013,Landry Shamet,NYK,28.0,50,15.2,5.7,1.2,0.5,0.5,0.0,0.4,0.461,0.397,0.667,0.2,1.0,111.6,106.5,5.1,0.049,1.23,9.4,0.014,0.064,0.039,7.7,0.596,0.601,0.143,99.55,0.062,
1626204,Larry Nance Jr.,ATL,32.0,24,19.3,8.5,4.3,1.6,0.8,0.5,0.7,0.516,0.447,0.692,1.0,3.3,107.5,116.5,-9.0,0.125,2.38,17.7,0.046,0.174,0.108,7.4,0.626,0.632,0.155,104.76,0.106,
1628374,Lauri Markkanen,UTA,28.0,47,31.4,19.0,5.9,1.5,0.7,0.4,1.4,0.423,0.346,0.876,1.5,4.4,111.4,117.5,-6.1,0.074,1.06,7.7,0.046,0.134,0.09,7.2,0.521,0.571,0.231,101.64,0.103,
2544,LeBron James,LAL,40.0,70,34.9,24.4,7.8,8.2,1.0,0.6,3.7,0.513,0.376,0.782,1.0,6.8,112.7,114.0,-1.3,0.395,2.21,25.6,0.031,0.187,0.112,11.6,0.571,0.604,0.291,100.62,0.169,
1631159,Leonard Miller,MIN,21.0,13,2.4,1.5,0.8,0.0,0.2,0.1,0.2,0.4,0.0,1.0,0.2,0.6,79.2,98.6,-19.4,0.0,0.0,0.0,0.073,0.229,0.145,9.5,0.4,0.54,0.239,107.87,0.202,
1631311,Lester Quinones,NOP,24.0,13,14.1,6.6,1.5,1.8,0.2,0.2,1.1,0.397,0.295,0.846,0.3,1.2,104.5,110.4,-5.9,0.198,1.71,19.8,0.02,0.076,0.048,11.6,0.481,0.514,0.213,105.49,0.065,
1641857,Liam Robbins,MIL,25.0,13,4.4,0.7,0.9,0.2,0.2,0.2,0.5,0.25,0.0,0.5,0.5,0.4,80.3,85.6,-5.3,0.056,0.33,9.5,0.111,0.085,0.098,28.6,0.25,0.363,0.128,106.17,-0.025,
1630322,Lindy Waters III,DET,27.0,52,15.0,4.9,2.1,1.0,0.5,0.2,0.4,0.369,0.344,0.727,0.4,1.7,111.6,110.2,1.4,0.092,2.6,16.0,0.023,0.116,0.067,6.2,0.498,0.504,0.145,99.37,0.061,
1629022,Lonnie Walker IV,PHI,26.0,20,23.8,12.4,3.2,2.5,0.5,0.3,1.3,0.42,0.354,0.8,0.3,2.9,104.7,118.7,-14.1,0.167,2.0,16.7,0.012,0.117,0.063,8.4,0.526,0.548,0.214,101.6,0.091,
1628366,Lonzo Ball,CHI,27.0,35,22.2,7.6,3.4,3.3,1.3,0.5,1.2,0.366,0.344,0.815,0.7,2.7,113.5,108.0,5.5,0.187,2.8,28.0,0.029,0.106,0.068,10.0,0.504,0.524,0.152,105.6,0.078,
1629652,Luguentz Dort,OKC,26.0,71,29.2,10.1,4.1,1.6,1.1,0.5,0.7,0.435,0.412,0.717,1.3,2.9,120.4,107.3,13.1,0.067,2.25,14.8,0.041,0.093,0.067,6.6,0.578,0.586,0.133,101.75,0.063,
1629029,Luka Dončić,LAL,26.0,50,35.4,28.2,8.2,7.7,1.8,0.4,3.6,0.45,0.368,0.782,0.8,7.4,119.6,110.5,9.1,0.342,2.14,21.8,0.023,0.198,0.112,10.2,0.536,0.587,0.328,100.22,0.17,
1630568,Luka Garza,MIN,26.0,39,5.6,3.5,1.4,0.3,0.2,0.1,0.3,0.495,0.278,0.686,0.8,0.6,107.9,107.5,0.4,0.082,0.92,7.6,0.138,0.103,0.121,8.3,0.543,0.573,0.241,105.17,0.101,
1628379,Luke Kennard,MEM,29.0,65,22.6,8.9,2.8,3.3,0.8,0.1,1.1,0.478,0.433,0.895,0.6,2.2,117.6,114.5,3.1,0.179,2.99,29.3,0.024,0.094,0.059,9.8,0.609,0.631,0.14,104.99,0.093,
1628436,Luke Kornet,BOS,29.0,73,18.6,6.0,5.3,1.6,0.5,1.0,0.4,0.668,0.0,0.691,2.6,2.7,121.2,106.3,14.9,0.115,3.77,24.8,0.134,0.139,0.136,6.6,0.668,0.683,0.111,95.87,0.114,
1631247,Luke Travers,CLE,23.0,12,7.3,1.0,1.7,0.7,0.1,0.1,0.7,0.25,0.0,1.0,0.7,1.0,109.1,109.7,-0.5,0.113,1.0,21.6,0.084,0.108,0.097,21.6,0.25,0.287,0.132,101.62,0.022,
1631103,Malaki Branham,SAS,22.0,47,9.1,5.0,1.1,0.8,0.2,0.0,0.7,0.458,0.405,0.818,0.1,0.9,106.1,109.8,-3.7,0.139,1.12,13.7,0.016,0.093,0.057,12.3,0.547,0.575,0.233,103.25,0.087,
1627763,Malcolm Brogdon,WAS,32.0,24,23.5,12.7,3.8,4.1,0.5,0.2,1.6,0.433,0.286,0.88,0.9,2.9,106.5,116.9,-10.4,0.267,2.58,23.5,0.036,0.119,0.077,9.1,0.467,0.544,0.231,103.18,0.113,
1627736,Malik Beasley,DET,28.0,82,27.8,16.3,2.6,1.7,0.9,0.1,1.0,0.43,0.416,0.679,0.6,2.0,113.3,110.2,3.1,0.089,1.67,10.3,0.02,0.069,0.045,6.2,0.579,0.59,0.215,102.76,0.091,
1628370,Malik Monk,SAC,27.0,65,31.6,17.2,3.8,5.6,0.9,0.6,2.4,0.439,0.325,0.865,0.5,3.3,117.0,114.5,2.5,0.246,2.28,23.6,0.014,0.104,0.059,10.4,0.513,0.549,0.236,101.33,0.099,
1630699,MarJon Beauchamp,NYK,24.0,35,4.5,2.3,1.3,0.3,0.1,0.0,0.4,0.415,0.345,0.75,0.3,0.9,94.8,92.0,2.9,0.124,0.73,10.9,0.064,0.198,0.129,14.9,0.492,0.535,0.222,106.73,0.123,
1630542,Marcus Bagley,PHI,23.0,10,25.3,6.7,7.0,1.0,0.9,1.2,0.7,0.391,0.156,0.8,2.3,4.7,101.1,117.0,-15.9,0.056,1.43,11.0,0.078,0.175,0.124,7.7,0.428,0.456,0.128,102.58,0.077,
1631204,Marcus Sasser,DET,24.0,57,14.2,6.6,1.2,2.3,0.6,0.1,0.9,0.463,0.382,0.843,0.3,0.9,110.4,107.5,2.9,0.239,2.46,26.4,0.021,0.06,0.04,10.7,0.561,0.589,0.187,102.0,0.095,
203935,Marcus Smart,WAS,31.0,34,20.0,9.0,2.1,3.2,1.1,0.3,1.6,0.393,0.348,0.761,0.5,1.6,109.9,107.3,2.6,0.221,2.02,24.1,0.024,0.069,0.047,11.9,0.488,0.529,0.198,107.13,0.086,
1631109,Mark Williams,CHA,23.0,44,26.6,15.3,10.2,2.5,0.7,1.2,1.6,0.604,0.0,0.804,3.0,7.2,106.3,118.9,-12.7,0.154,1.54,15.7,0.103,0.255,0.178,10.2,0.604,0.647,0.21,100.77,0.156,
1628365,Markelle Fultz,SAC,27.0,21,8.8,2.9,1.0,1.3,0.5,0.1,0.7,0.418,0.5,1.0,0.3,0.7,109.3,105.7,3.6,0.208,1.8,24.8,0.036,0.077,0.058,13.8,0.448,0.452,0.196,99.36,0.065,
202693,Markieff Morris,LAL,35.0,15,11.0,3.7,1.5,1.4,0.1,0.2,0.3,0.3,0.25,0.833,0.2,1.3,106.1,113.9,-7.8,0.191,4.2,21.2,0.017,0.114,0.066,5.1,0.364,0.385,0.202,100.86,0.045,
1628963,Marvin Bagley III,MEM,26.0,31,8.6,4.4,2.7,0.4,0.3,0.3,0.4,0.519,0.158,0.657,1.2,1.5,108.2,108.8,-0.6,0.063,0.92,7.6,0.128,0.159,0.143,8.3,0.533,0.56,0.2,103.88,0.123,
1630222,Mason Jones,SAC,26.0,10,4.5,2.3,0.9,1.1,0.0,0.1,0.1,0.5,0.125,0.8,0.2,0.7,107.4,105.3,2.2,0.379,11.0,34.4,0.045,0.149,0.099,3.1,0.528,0.569,0.193,99.93,0.159,
203486,Mason Plumlee,PHX,35.0,74,17.6,4.5,6.1,1.8,0.4,0.6,0.8,0.619,0.0,0.648,1.6,4.6,115.2,115.0,0.2,0.133,2.27,29.5,0.094,0.253,0.176,13.0,0.619,0.645,0.105,100.08,0.098,
1641824,Matas Buzelis,CHI,20.0,80,18.9,8.6,3.5,1.0,0.4,0.9,0.9,0.454,0.361,0.815,0.7,2.8,110.4,112.1,-1.7,0.072,1.07,10.4,0.035,0.133,0.085,9.8,0.541,0.571,0.181,105.38,0.079,
1629680,Matisse Thybulle,POR,28.0,15,20.8,7.5,3.5,1.9,2.2,0.6,0.9,0.477,0.438,0.467,0.9,2.5,105.3,105.1,0.2,0.126,2.15,20.7,0.038,0.122,0.076,9.6,0.597,0.592,0.135,102.37,0.114,
1630346,Matt Ryan,NOP,28.0,19,3.6,1.5,0.4,0.2,0.1,0.0,0.2,0.323,0.316,1.0,0.0,0.4,80.5,108.8,-28.3,0.083,1.0,7.9,0.0,0.113,0.056,7.9,0.419,0.439,0.208,104.75,0.062,
1631108,Max Christie,DAL,22.0,78,27.3,9.6,3.3,1.9,0.8,0.4,1.1,0.427,0.366,0.855,0.5,2.8,112.6,114.3,-1.7,0.093,1.66,16.4,0.019,0.102,0.061,9.9,0.525,0.57,0.15,100.27,0.069,
1629622,Max Strus,CLE,29.0,50,25.5,9.4,4.3,3.2,0.5,0.2,1.1,0.442,0.386,0.824,1.1,3.3,120.1,112.2,7.9,0.157,2.93,26.4,0.041,0.118,0.081,9.0,0.594,0.607,0.143,101.34,0.083,
1628467,Maxi Kleber,LAL,33.0,34,18.7,3.0,2.8,1.3,0.3,0.5,0.7,0.385,0.265,0.762,0.7,2.1,111.9,112.3,-0.4,0.087,1.87,25.0,0.04,0.105,0.073,13.4,0.453,0.489,0.085,101.75,0.035,
1641721,Maxwell Lewis,BKN,22.0,28,11.7,4.1,2.0,0.7,0.3,0.3,0.5,0.417,0.38,0.7,0.6,1.3,101.2,110.7,-9.6,0.091,1.36,13.0,0.051,0.118,0.082,9.6,0.505,0.516,0.164,99.39,0.066,
1630695,Micah Potter,UTA,27.0,38,18.6,4.3,4.3,0.8,0.4,0.4,0.8,0.422,0.316,0.85,1.1,3.2,108.6,116.2,-7.6,0.058,1.0,15.0,0.058,0.153,0.107,15.0,0.537,0.563,0.102,101.29,0.063,
1629008,Michael Porter Jr.,DEN,27.0,77,33.7,18.2,7.0,2.1,0.6,0.5,1.4,0.504,0.395,0.768,1.8,5.2,119.8,115.4,4.4,0.084,1.59,11.8,0.055,0.146,0.103,7.4,0.596,0.617,0.197,101.52,0.101,
1628969,Mikal Bridges,NYK,28.0,82,37.0,17.6,3.2,3.7,0.9,0.5,1.6,0.5,0.354,0.814,0.9,2.3,118.4,112.9,5.6,0.141,2.32,18.3,0.024,0.063,0.043,7.9,0.57,0.585,0.192,98.1,0.09,
201144,Mike Conley,MIN,37.0,71,24.7,8.2,2.6,4.5,1.1,0.2,1.1,0.4,0.41,0.9,0.5,2.1,115.5,109.0,6.5,0.243,4.25,35.6,0.018,0.085,0.052,8.4,0.535,0.573,0.141,97.92,0.092,
1628970,Miles Bridges,CHA,27.0,64,31.7,20.3,7.5,3.9,0.7,0.7,2.1,0.431,0.313,0.87,1.1,6.4,108.2,113.6,-5.5,0.203,1.82,15.7,0.033,0.189,0.11,8.6,0.495,0.541,0.273,100.58,0.135,
1630540,Miles McBride,NYK,24.0,64,24.9,9.5,2.5,2.9,1.0,0.3,0.6,0.406,0.369,0.813,0.7,1.8,116.8,109.7,7.1,0.155,4.56,23.3,0.028,0.069,0.049,5.1,0.511,0.531,0.162,99.2,0.077,
1629011,Mitchell Robinson,NYK,27.0,17,17.1,5.1,5.9,0.8,0.9,1.1,0.6,0.661,0.0,0.684,3.1,2.9,113.8,108.2,5.7,0.062,1.3,14.8,0.174,0.176,0.175,11.4,0.661,0.676,0.109,96.37,0.122,
1628964,Mo Bamba,NOP,27.0,32,12.9,4.3,4.5,0.6,0.3,1.0,0.6,0.464,0.278,0.704,1.0,3.5,103.5,112.5,-9.0,0.068,0.9,11.1,0.079,0.268,0.175,12.3,0.531,0.557,0.15,98.15,0.1,
1628420,Monte Morris,PHX,30.0,45,12.7,5.2,1.5,1.6,0.4,0.1,0.5,0.426,0.36,0.857,0.3,1.2,111.1,108.3,2.8,0.188,3.48,23.6,0.021,0.088,0.056,6.8,0.505,0.546,0.173,99.99,0.096,
1629021,Moritz Wagner,ORL,28.0,30,18.8,12.9,4.9,1.4,0.8,0.4,1.6,0.562,0.36,0.718,1.3,3.6,106.1,107.0,-0.9,0.135,0.86,10.9,0.067,0.201,0.131,12.7,0.616,0.649,0.254,99.97,0.165,
1629650,Moses Brown,DAL,25.0,13,9.1,5.8,3.4,0.2,0.5,0.3,0.8,0.694,0.0,0.727,0.9,2.5,101.5,105.9,-4.4,0.029,0.18,3.0,0.098,0.224,0.165,16.7,0.694,0.706,0.216,108.49,0.154,
1630541,Moses Moody,GSW,23.0,74,22.3,9.8,2.6,1.3,0.8,0.4,0.7,0.433,0.374,0.797,0.7,1.9,113.2,108.9,4.3,0.084,1.78,12.4,0.029,0.084,0.056,7.0,0.544,0.578,0.17,100.74,0.076,
1631243,Mouhamed Gueye,ATL,22.0,33,16.1,6.0,4.2,0.8,0.8,1.0,0.5,0.421,0.259,0.762,1.3,2.9,113.4,104.7,8.8,0.064,1.8,11.7,0.078,0.179,0.127,6.5,0.482,0.52,0.155,103.84,0.085,
1631217,Moussa Diabaté,CHA,23.0,71,17.5,5.7,6.2,0.8,0.6,0.6,0.9,0.596,0.0,0.595,2.6,3.5,106.9,110.3,-3.4,0.069,0.92,12.5,0.135,0.209,0.169,13.6,0.596,0.609,0.13,97.32,0.115,
1626167,Myles Turner,IND,29.0,72,30.2,15.6,6.5,1.5,0.8,2.0,1.7,0.481,0.396,0.773,1.3,5.3,116.1,111.5,4.7,0.072,0.9,9.7,0.043,0.169,0.109,10.7,0.577,0.612,0.207,100.19,0.103,
1630230,Naji Marshall,DAL,27.0,69,27.8,13.2,4.8,3.0,1.0,0.2,1.6,0.508,0.275,0.813,1.1,3.7,111.5,114.7,-3.2,0.161,1.86,18.9,0.04,0.125,0.084,10.2,0.551,0.584,0.197,101.27,0.105,
1631466,Nate Williams,HOU,26.0,20,7.3,3.3,0.7,0.5,0.4,0.2,0.7,0.435,0.231,0.625,0.3,0.4,110.6,116.8,-6.2,0.079,0.64,10.1,0.033,0.053,0.043,15.7,0.484,0.496,0.212,108.85,0.038,
1629675,Naz Reid,MIN,25.0,80,27.5,14.2,6.0,2.3,0.7,0.9,1.4,0.462,0.379,0.776,1.2,4.9,116.2,108.8,7.4,0.123,1.68,14.2,0.041,0.171,0.106,8.5,0.556,0.577,0.21,99.34,0.11,
1629674,Neemias Queta,BOS,25.0,62,13.9,5.0,3.8,0.7,0.3,0.7,0.6,0.65,0.0,0.754,1.4,2.4,117.4,108.3,9.1,0.076,1.13,14.2,0.105,0.168,0.137,12.7,0.65,0.674,0.136,95.52,0.102,
1629651,Nic Claxton,BKN,26.0,70,26.9,10.3,7.4,2.2,0.9,1.4,1.2,0.563,0.238,0.513,2.2,5.1,103.6,116.2,-12.6,0.14,1.8,17.9,0.08,0.198,0.137,9.9,0.568,0.569,0.166,97.38,0.115,
1630208,Nick Richards,PHX,27.0,57,22.0,9.3,8.2,0.9,0.2,1.0,1.4,0.591,0.0,0.744,2.6,5.6,112.3,120.9,-8.7,0.058,0.6,8.9,0.118,0.243,0.181,14.8,0.591,0.634,0.169,98.62,0.107,
1641733,Nick Smith Jr.,CHA,21.0,60,22.8,9.9,2.1,2.4,0.3,0.1,1.4,0.391,0.34,0.935,0.2,1.9,102.1,116.4,-14.3,0.169,1.77,17.8,0.009,0.08,0.043,10.1,0.482,0.502,0.205,99.74,0.064,
1629638,Nickeil Alexander-Walker,MIN,26.0,82,25.3,9.4,3.2,2.7,0.6,0.4,1.2,0.438,0.381,0.78,0.7,2.6,115.1,108.5,6.6,0.149,2.25,22.7,0.026,0.098,0.062,10.1,0.553,0.579,0.155,99.57,0.081,
201587,Nicolas Batum,LAC,36.0,78,17.5,4.0,2.8,1.1,0.7,0.5,0.4,0.437,0.433,0.81,0.6,2.2,110.5,104.7,5.9,0.082,2.47,23.0,0.034,0.117,0.077,9.3,0.622,0.633,0.087,100.22,0.069,
203999,Nikola Jokić,DEN,30.0,70,36.7,29.6,12.7,10.2,1.8,0.6,3.3,0.576,0.417,0.8,2.9,9.9,125.6,115.1,10.5,0.398,3.11,28.7,0.083,0.252,0.173,9.2,0.627,0.663,0.285,101.99,0.206,
1631107,Nikola Jović,MIA,22.0,46,25.1,10.7,3.9,2.8,0.8,0.3,1.3,0.456,0.371,0.828,0.6,3.3,109.6,110.7,-1.1,0.174,2.18,21.7,0.022,0.127,0.076,9.9,0.56,0.595,0.178,98.48,0.098,
202696,Nikola Vučević,CHI,34.0,73,31.2,18.5,10.1,3.5,0.8,0.7,1.6,0.53,0.402,0.805,2.4,7.6,113.6,116.0,-2.4,0.165,2.15,17.3,0.076,0.228,0.154,8.1,0.592,0.611,0.221,104.11,0.136,
1641730,Noah Clowney,BKN,20.0,46,22.7,9.1,3.9,0.9,0.5,0.5,1.0,0.358,0.333,0.838,0.9,3.0,103.0,115.2,-12.3,0.063,0.87,8.1,0.037,0.138,0.084,9.3,0.474,0.516,0.185,97.91,0.061,
1626181,Norman Powell,LAC,32.0,60,32.6,21.8,3.2,2.1,1.2,0.2,1.8,0.484,0.418,0.804,0.4,2.8,116.2,107.4,8.8,0.096,1.16,9.7,0.011,0.085,0.049,8.4,0.578,0.615,0.255,99.69,0.11,
1628384,OG Anunoby,NYK,27.0,74,36.6,18.0,4.8,2.2,1.5,0.9,1.4,0.476,0.372,0.81,1.3,3.5,117.7,112.3,5.4,0.084,1.61,11.8,0.037,0.098,0.067,7.3,0.559,0.591,0.195,97.73,0.093,
1630167,Obi Toppin,IND,27.0,79,19.6,10.5,4.0,1.6,0.6,0.4,0.9,0.529,0.365,0.781,0.7,3.3,113.6,116.1,-2.6,0.116,1.88,15.2,0.036,0.167,0.101,8.1,0.621,0.642,0.191,103.97,0.115,
1630534,Ochai Agbaji,TOR,25.0,64,27.2,10.4,3.8,1.5,0.9,0.5,0.8,0.498,0.399,0.708,1.0,2.8,106.4,112.2,-5.7,0.081,1.81,13.9,0.033,0.098,0.066,7.6,0.593,0.601,0.144,101.93,0.081,
1641765,Olivier-Maxence Prosper,DAL,22.0,52,11.2,3.9,2.4,0.8,0.5,0.1,0.3,0.402,0.235,0.645,0.8,1.6,101.8,109.5,-7.7,0.101,2.86,15.2,0.071,0.137,0.103,5.3,0.437,0.484,0.158,103.43,0.082,
1630168,Onyeka Okongwu,ATL,24.0,74,27.9,13.4,8.9,2.3,0.9,0.9,1.2,0.567,0.324,0.759,3.0,5.9,114.9,113.7,1.1,0.113,1.87,16.2,0.103,0.213,0.157,8.7,0.602,0.634,0.169,104.52,0.122,
1631115,Orlando Robinson,TOR,24.0,44,17.5,6.9,5.0,1.8,0.4,0.4,1.1,0.444,0.327,0.771,2.0,3.0,104.5,109.2,-4.8,0.152,1.57,18.3,0.097,0.161,0.127,11.6,0.477,0.519,0.177,102.45,0.088,
1631131,Oscar Tshiebwe,UTA,25.0,14,18.2,7.6,8.7,0.6,0.9,0.1,0.7,0.6,0.0,0.742,3.3,5.4,113.4,115.8,-2.5,0.051,0.9,8.9,0.16,0.286,0.221,9.9,0.6,0.64,0.144,101.2,0.14,
1642345,Oso Ighodaro,PHX,22.0,61,17.1,4.2,3.6,1.2,0.5,0.5,0.6,0.604,0.0,0.58,1.1,2.6,109.4,110.0,-0.6,0.095,1.82,22.3,0.063,0.143,0.104,12.2,0.604,0.61,0.103,99.05,0.073,
1631172,Ousmane Dieng,OKC,22.0,37,10.9,3.8,2.2,0.8,0.5,0.2,0.5,0.432,0.324,0.688,0.5,1.7,104.3,99.2,5.1,0.107,1.72,17.1,0.04,0.142,0.091,9.9,0.524,0.538,0.152,102.86,0.088,
1629023,P.J. Washington,DAL,26.0,57,32.2,14.7,7.8,2.3,1.1,1.1,2.1,0.453,0.381,0.722,1.4,6.3,114.2,113.2,1.1,0.098,1.11,13.1,0.044,0.183,0.115,11.8,0.521,0.556,0.198,101.66,0.097,
1641790,PJ Hall,DEN,23.0,19,3.5,1.7,1.2,0.2,0.0,0.2,0.1,0.583,0.25,0.75,0.3,0.8,91.9,91.3,0.5,0.118,2.0,12.5,0.079,0.219,0.148,6.3,0.625,0.641,0.176,99.0,0.168,
1642359,Pacôme Dadiet,NYK,19.0,18,6.2,1.7,1.0,0.3,0.2,0.1,0.2,0.323,0.316,0.667,0.2,0.8,103.8,113.0,-9.2,0.063,1.25,11.9,0.028,0.128,0.08,9.5,0.419,0.446,0.142,100.38,0.047,
1631094,Paolo Banchero,ORL,22.0,46,34.4,25.9,7.5,4.8,0.8,0.6,3.0,0.452,0.32,0.727,1.1,6.4,109.1,109.6,-0.6,0.262,1.61,15.3,0.031,0.192,0.108,9.5,0.5,0.551,0.33,97.29,0.157,
1627783,Pascal Siakam,IND,31.0,78,32.7,20.2,6.9,3.4,0.9,0.5,1.4,0.519,0.389,0.734,1.7,5.2,114.5,108.9,5.5,0.155,2.41,15.6,0.053,0.154,0.104,6.5,0.572,0.599,0.237,101.43,0.13,
1626192,Pat Connaughton,MIL,32.0,41,14.7,5.3,2.7,1.7,0.2,0.3,0.6,0.469,0.321,0.774,0.5,2.2,111.7,114.6,-2.9,0.159,2.92,24.7,0.032,0.14,0.088,8.5,0.542,0.567,0.151,99.41,0.088,
1630311,Pat Spencer,GSW,28.0,39,6.4,2.5,1.2,1.2,0.4,0.1,0.5,0.406,0.227,0.733,0.4,0.8,105.0,107.8,-2.8,0.274,2.67,27.6,0.055,0.131,0.09,10.3,0.431,0.455,0.204,103.26,0.093,
1631116,Patrick Baldwin Jr.,LAC,22.0,24,4.4,2.2,1.0,0.1,0.1,0.1,0.2,0.543,0.565,0.5,0.2,0.8,114.6,102.1,12.4,0.042,0.6,6.7,0.038,0.189,0.105,11.1,0.729,0.721,0.151,104.77,0.122,
1630172,Patrick Williams,CHI,23.0,63,25.0,9.0,3.8,2.0,0.8,0.5,1.4,0.397,0.353,0.723,0.7,3.1,108.7,113.5,-4.8,0.106,1.44,16.3,0.025,0.113,0.07,11.3,0.49,0.512,0.165,105.94,0.062,
201988,Patty Mills,LAC,36.0,29,11.1,3.8,0.8,0.9,0.4,0.1,0.6,0.375,0.347,0.929,0.1,0.6,104.6,108.0,-3.4,0.123,1.53,18.1,0.012,0.051,0.032,11.8,0.51,0.543,0.15,103.29,0.055,
202331,Paul George,PHI,35.0,41,32.5,16.2,5.3,4.3,1.8,0.5,2.6,0.43,0.358,0.814,0.6,4.8,108.3,112.2,-3.8,0.217,1.68,19.9,0.018,0.153,0.083,11.8,0.514,0.543,0.233,98.87,0.106,
1630194,Paul Reed,DET,26.0,45,9.7,4.1,2.7,1.0,0.9,0.6,0.6,0.507,0.286,0.762,0.9,1.8,111.3,105.7,5.6,0.141,1.69,19.0,0.09,0.197,0.142,11.3,0.535,0.573,0.179,101.81,0.115,
1630202,Payton Pritchard,BOS,27.0,80,28.4,14.3,3.8,3.5,0.9,0.2,1.0,0.472,0.407,0.845,1.3,2.6,118.4,108.9,9.5,0.184,3.36,22.1,0.042,0.087,0.065,6.6,0.62,0.633,0.186,96.45,0.116,
1641796,Pelle Larsson,MIA,24.0,55,14.2,4.6,1.7,1.2,0.6,0.1,0.4,0.438,0.337,0.672,0.5,1.2,111.1,108.7,2.4,0.116,2.71,20.4,0.036,0.081,0.058,7.5,0.517,0.546,0.141,98.71,0.055,
1631250,Pete Nance,MIL,25.0,13,10.6,2.9,1.6,0.8,0.2,0.2,0.3,0.438,0.375,0.5,0.4,1.2,107.8,114.8,-7.0,0.106,2.5,21.3,0.036,0.115,0.076,8.5,0.578,0.578,0.116,97.1,0.054,
1631212,Peyton Watson,DEN,22.0,68,24.3,8.1,3.4,1.4,0.7,1.4,0.8,0.477,0.353,0.693,0.7,2.7,113.9,113.9,0.0,0.073,1.68,14.7,0.03,0.103,0.069,8.8,0.533,0.564,0.138,101.83,0.066,
1630173,Precious Achiuwa,NYK,25.0,57,20.5,6.6,5.6,1.0,0.8,0.7,0.8,0.502,0.278,0.594,1.8,3.8,110.2,111.4,-1.2,0.065,1.22,12.1,0.084,0.188,0.135,9.9,0.517,0.53,0.143,100.16,0.092,
1629656,Quentin Grimes,PHI,25.0,75,26.8,14.6,4.3,3.0,1.0,0.3,1.9,0.467,0.385,0.757,0.8,3.5,111.9,118.1,-6.2,0.172,1.62,17.9,0.028,0.126,0.077,11.0,0.565,0.595,0.218,100.7,0.105,
1631245,Quenton Jackson,IND,26.0,28,13.6,5.8,1.6,1.9,0.8,0.2,0.6,0.475,0.375,0.775,0.5,1.1,110.9,110.1,0.8,0.193,3.31,25.4,0.035,0.079,0.057,7.7,0.537,0.58,0.167,104.12,0.089,
1642366,Quinten Post,GSW,25.0,42,16.3,8.1,3.5,1.3,0.4,0.4,0.8,0.449,0.408,0.778,0.8,2.7,111.5,109.1,2.4,0.131,1.7,14.9,0.049,0.166,0.106,8.8,0.582,0.595,0.197,100.02,0.095,
1629628,RJ Barrett,TOR,25.0,58,32.2,21.1,6.3,5.4,0.8,0.3,2.9,0.468,0.35,0.63,1.1,5.3,110.1,113.4,-3.4,0.257,1.89,19.6,0.031,0.159,0.094,10.4,0.523,0.547,0.281,102.74,0.121,
1642484,RayJ Dennis,IND,24.0,11,6.4,2.7,1.1,1.3,0.6,0.2,0.5,0.333,0.286,1.0,0.2,0.9,113.5,86.3,27.3,0.255,2.8,26.4,0.025,0.116,0.073,9.4,0.424,0.443,0.212,105.02,0.11,
1641712,Rayan Rupert,POR,21.0,52,8.8,3.0,1.3,0.5,0.3,0.1,0.6,0.408,0.271,0.767,0.5,0.8,100.6,109.8,-9.2,0.083,0.83,11.9,0.049,0.097,0.071,14.3,0.465,0.499,0.156,104.66,0.055,
1641736,Reece Beekman,BKN,23.0,36,13.0,2.6,1.1,1.8,0.9,0.1,0.6,0.327,0.175,0.762,0.4,0.7,98.5,110.4,-12.0,0.205,3.0,31.3,0.024,0.061,0.041,10.4,0.36,0.4,0.122,99.16,0.051,
1642263,Reed Sheppard,HOU,21.0,52,12.6,4.4,1.5,1.4,0.7,0.3,0.7,0.351,0.338,0.813,0.3,1.2,108.5,111.1,-2.7,0.153,2.03,20.9,0.022,0.086,0.054,10.3,0.452,0.465,0.171,104.93,0.06,
202704,Reggie Jackson,PHI,35.0,31,12.4,4.4,1.4,1.5,0.5,0.1,0.5,0.391,0.338,0.778,0.3,1.1,108.3,111.8,-3.5,0.172,2.65,22.6,0.02,0.093,0.055,8.5,0.485,0.496,0.17,98.88,0.067,
1626158,Richaun Holmes,WAS,31.0,31,17.2,7.4,5.7,1.4,0.3,0.7,0.7,0.647,0.0,0.833,2.0,3.7,110.2,114.5,-4.3,0.112,2.0,18.5,0.113,0.208,0.161,9.3,0.647,0.695,0.143,100.78,0.135,
1641741,Ricky Council IV,PHI,23.0,73,17.1,7.3,2.9,1.3,0.4,0.2,0.7,0.382,0.258,0.804,0.7,2.2,109.9,116.0,-6.1,0.115,1.87,14.3,0.039,0.13,0.084,7.7,0.442,0.502,0.196,99.93,0.08,
1642265,Rob Dillingham,MIN,20.0,49,10.5,4.5,1.0,2.0,0.4,0.0,1.1,0.441,0.338,0.533,0.2,0.8,112.3,111.1,1.2,0.283,1.85,26.6,0.022,0.07,0.046,14.4,0.5,0.503,0.215,101.82,0.078,
1629057,Robert Williams III,POR,27.0,20,17.6,5.8,5.9,1.1,0.7,1.7,0.9,0.641,0.333,0.882,1.8,4.2,106.3,108.3,-2.0,0.09,1.24,17.1,0.097,0.217,0.159,13.8,0.647,0.679,0.12,100.69,0.137,
1641842,Ronald Holland II,DET,19.0,81,15.6,6.4,2.7,1.0,0.6,0.2,0.9,0.474,0.238,0.754,0.5,2.2,109.8,110.9,-1.0,0.095,1.14,13.2,0.03,0.136,0.083,11.6,0.517,0.556,0.177,101.0,0.078,
1626220,Royce O'Neale,PHX,32.0,75,24.5,9.1,4.7,2.2,0.9,0.4,0.9,0.423,0.406,0.731,0.7,3.9,112.1,116.4,-4.2,0.128,2.51,20.1,0.029,0.157,0.094,8.0,0.58,0.585,0.151,100.27,0.085,
203497,Rudy Gobert,MIN,33.0,72,33.2,12.0,10.9,1.8,0.8,1.4,1.2,0.669,0.0,0.674,3.7,7.2,114.3,107.6,6.7,0.075,1.43,14.9,0.111,0.21,0.161,10.5,0.669,0.687,0.129,97.63,0.126,
1629060,Rui Hachimura,LAL,27.0,59,31.7,13.1,5.0,1.4,0.8,0.4,0.8,0.509,0.413,0.77,1.3,3.7,114.8,110.9,3.9,0.063,1.69,10.9,0.044,0.111,0.079,6.5,0.597,0.619,0.156,99.44,0.086,
201566,Russell Westbrook,DEN,36.0,75,27.9,13.3,4.9,6.1,1.4,0.5,3.2,0.449,0.323,0.661,1.4,3.6,115.7,116.2,-0.6,0.289,1.89,27.9,0.05,0.119,0.086,14.8,0.505,0.532,0.23,103.3,0.093,
1642346,Ryan Dunn,PHX,22.0,74,19.1,6.9,3.6,0.8,0.6,0.5,0.5,0.43,0.311,0.487,1.2,2.4,110.4,115.1,-4.7,0.059,1.43,9.6,0.063,0.117,0.09,6.8,0.516,0.517,0.161,98.59,0.059,
1631157,Ryan Rollins,MIL,22.0,56,14.6,6.2,1.9,1.9,0.8,0.3,0.9,0.487,0.408,0.8,0.4,1.6,114.0,108.6,5.4,0.173,1.96,23.3,0.027,0.098,0.065,11.9,0.577,0.6,0.179,101.74,0.088,
1630573,Sam Hauser,BOS,27.0,71,21.7,8.5,3.2,0.9,0.6,0.2,0.3,0.451,0.416,1.0,0.6,2.5,119.8,109.8,10.0,0.057,2.78,11.3,0.027,0.113,0.07,4.1,0.627,0.632,0.14,96.4,0.083,
1630241,Sam Merrill,CLE,29.0,71,19.7,7.2,2.2,1.5,0.7,0.2,0.5,0.406,0.372,0.966,0.5,1.7,117.4,107.1,10.3,0.099,3.09,18.7,0.026,0.077,0.052,6.0,0.567,0.583,0.14,101.26,0.069,
1630572,Sandro Mamukelashvili,SAS,26.0,61,11.2,6.3,3.1,0.8,0.4,0.3,0.4,0.502,0.373,0.741,1.0,2.0,111.6,112.9,-1.4,0.108,1.85,12.6,0.086,0.176,0.131,6.8,0.609,0.628,0.202,102.07,0.124,
1630583,Santi Aldama,MEM,24.0,65,25.5,12.5,6.4,2.9,0.8,0.4,1.1,0.483,0.368,0.691,1.4,5.0,116.1,112.6,3.5,0.149,2.65,19.9,0.052,0.181,0.116,7.5,0.576,0.588,0.179,105.41,0.121,
1630703,Scoot Henderson,POR,21.0,66,26.7,12.7,3.0,5.1,1.0,0.2,2.7,0.419,0.354,0.767,0.8,2.2,112.5,113.7,-1.3,0.274,1.89,25.9,0.028,0.083,0.054,13.7,0.496,0.54,0.22,100.99,0.084,
1630567,Scottie Barnes,TOR,23.0,65,32.8,19.3,7.7,5.8,1.4,1.0,2.8,0.446,0.271,0.755,1.7,6.0,107.4,110.1,-2.7,0.279,2.05,21.5,0.047,0.176,0.111,10.5,0.482,0.523,0.262,102.48,0.139,
1630590,Scotty Pippen Jr.,MEM,24.0,79,21.3,9.9,3.3,4.4,1.3,0.4,1.7,0.48,0.397,0.713,0.8,2.5,111.0,109.7,1.3,0.283,2.51,30.3,0.035,0.105,0.07,12.0,0.553,0.582,0.188,105.6,0.106,
203552,Seth Curry,CHA,34.0,68,15.6,6.5,1.7,0.9,0.4,0.1,0.5,0.478,0.456,0.846,0.4,1.3,106.2,114.1,-8.0,0.087,1.88,13.4,0.02,0.081,0.049,7.1,0.599,0.616,0.151,99.1,0.083,
1631101,Shaedon Sharpe,POR,22.0,72,31.3,18.5,4.5,2.8,0.9,0.2,2.1,0.452,0.311,0.785,0.9,3.6,111.4,114.4,-3.0,0.138,1.32,12.7,0.029,0.114,0.07,9.7,0.519,0.551,0.25,99.88,0.102,
1628983,Shai Gilgeous-Alexander,OKC,26.0,76,34.2,32.7,5.0,6.4,1.7,1.0,2.4,0.519,0.375,0.898,0.9,4.1,122.4,105.7,16.7,0.299,2.66,18.7,0.025,0.112,0.069,7.0,0.569,0.637,0.336,101.91,0.199,
1629003,Shake Milton,LAL,28.0,57,14.7,5.5,1.8,1.8,0.4,0.1,0.7,0.453,0.358,0.797,0.5,1.3,106.2,113.1,-6.9,0.184,2.55,24.2,0.036,0.086,0.061,9.5,0.528,0.563,0.162,98.81,0.081,
1631321,Sidy Cissoko,POR,21.0,22,5.2,1.5,1.0,0.7,0.1,0.0,0.5,0.433,0.231,0.333,0.4,0.6,91.2,89.0,2.1,0.197,1.36,25.4,0.068,0.1,0.085,18.6,0.483,0.471,0.156,103.79,0.057,
1631323,Simone Fontecchio,DET,29.0,75,16.5,5.9,2.9,0.9,0.4,0.2,0.7,0.402,0.335,0.833,0.7,2.2,110.7,109.5,1.2,0.071,1.2,12.3,0.04,0.127,0.083,10.2,0.504,0.544,0.152,103.26,0.068,
203915,Spencer Dinwiddie,DAL,32.0,79,27.0,11.0,2.6,4.4,0.9,0.2,1.3,0.416,0.334,0.802,0.2,2.4,110.1,115.1,-5.0,0.228,3.42,28.3,0.008,0.086,0.048,8.3,0.496,0.553,0.175,101.4,0.089,
1642461,Spencer Jones,DEN,24.0,20,6.2,1.3,0.9,0.3,0.3,0.3,0.3,0.324,0.059,1.0,0.4,0.5,89.4,107.4,-18.0,0.06,1.0,11.1,0.057,0.067,0.062,11.1,0.338,0.368,0.128,104.76,0.013,
1630649,Stanley Umude,MIL,26.0,22,3.9,0.7,0.8,0.2,0.1,0.3,0.1,0.192,0.2,0.5,0.2,0.6,85.6,95.8,-10.1,0.071,1.33,11.4,0.043,0.131,0.089,8.6,0.25,0.27,0.137,107.72,0.022,
201939,Stephen Curry,GSW,37.0,70,32.2,24.5,4.4,6.0,1.1,0.4,2.9,0.448,0.397,0.933,0.6,3.9,118.4,112.7,5.7,0.284,2.11,21.1,0.017,0.118,0.066,10.0,0.572,0.618,0.286,101.72,0.145,
1642264,Stephon Castle,SAS,20.0,81,26.7,14.7,3.7,4.1,0.9,0.3,2.2,0.428,0.285,0.724,1.1,2.6,111.8,116.6,-4.7,0.231,1.88,20.1,0.039,0.092,0.066,10.7,0.476,0.522,0.253,101.89,0.087,
203500,Steven Adams,HOU,31.0,58,13.7,3.9,5.6,1.1,0.4,0.5,0.9,0.545,0.0,0.462,2.9,2.8,115.3,105.9,9.4,0.107,1.22,20.1,0.181,0.193,0.187,16.4,0.545,0.541,0.127,99.77,0.109,
1629004,Svi Mykhailiuk,UTA,28.0,38,20.0,8.8,2.4,2.0,0.5,0.2,1.4,0.391,0.345,0.8,0.6,1.8,110.3,117.7,-7.4,0.144,1.46,17.1,0.026,0.085,0.055,11.7,0.507,0.526,0.198,101.83,0.067,
204456,T.J. McConnell,IND,33.0,79,17.9,9.1,2.4,4.4,1.1,0.3,1.4,0.519,0.306,0.74,0.6,1.9,111.1,113.8,-2.7,0.359,3.22,31.3,0.032,0.104,0.069,9.7,0.531,0.547,0.226,103.69,0.129,
201959,Taj Gibson,CHA,40.0,37,11.1,2.9,3.2,0.6,0.2,0.5,0.7,0.495,0.5,0.6,1.4,1.9,96.6,110.4,-13.8,0.081,0.84,14.0,0.114,0.151,0.133,16.7,0.5,0.515,0.132,99.38,0.068,
1629659,Talen Horton-Tucker,CHI,24.0,58,12.5,6.5,1.7,1.4,0.4,0.2,0.7,0.457,0.336,0.735,0.3,1.4,111.4,109.8,1.7,0.162,2.08,18.1,0.025,0.097,0.063,8.7,0.527,0.567,0.208,106.82,0.09,
1631106,Tari Eason,HOU,24.0,57,24.9,12.0,6.4,1.5,1.7,0.9,1.1,0.487,0.342,0.76,2.2,4.1,114.8,109.2,5.6,0.082,1.28,11.0,0.081,0.158,0.118,8.6,0.543,0.567,0.185,101.55,0.117,
1627752,Taurean Prince,MIL,31.0,80,27.1,8.2,3.6,1.9,1.0,0.2,1.0,0.457,0.439,0.813,0.4,3.2,114.0,114.5,-0.4,0.093,1.89,20.1,0.016,0.11,0.065,10.6,0.6,0.613,0.123,100.95,0.064,
1629611,Terance Mann,ATL,28.0,67,21.1,7.7,3.0,1.8,0.7,0.2,0.7,0.496,0.368,0.691,1.0,2.0,112.9,115.2,-2.3,0.118,2.57,19.8,0.047,0.094,0.07,7.7,0.569,0.584,0.145,100.43,0.074,
1630545,Terrence Shannon Jr.,MIN,24.0,32,10.6,4.3,1.5,1.0,0.2,0.2,0.5,0.482,0.355,0.81,0.3,1.2,107.8,107.0,0.8,0.139,2.13,18.8,0.029,0.1,0.065,8.8,0.531,0.56,0.166,103.77,0.082,
1626179,Terry Rozier,MIA,31.0,64,25.9,10.6,3.7,2.6,0.6,0.2,1.2,0.391,0.295,0.852,0.7,3.0,107.3,112.3,-4.9,0.152,2.14,18.1,0.025,0.113,0.068,8.4,0.462,0.497,0.195,99.13,0.078,
1628418,Thomas Bryant,IND,27.0,66,14.6,6.5,3.8,0.8,0.4,0.6,0.5,0.508,0.324,0.859,1.3,2.5,109.9,113.4,-3.5,0.078,1.77,12.4,0.085,0.169,0.128,7.0,0.583,0.614,0.162,102.45,0.11,
1642275,Tidjane Salaün,CHA,19.0,60,20.7,5.9,4.7,1.2,0.5,0.2,1.0,0.33,0.283,0.713,1.2,3.5,99.4,111.2,-11.9,0.092,1.28,14.2,0.05,0.168,0.106,11.2,0.414,0.457,0.15,98.5,0.065,
203501,Tim Hardaway Jr.,DET,33.0,77,28.0,11.0,2.4,1.6,0.5,0.1,0.6,0.406,0.368,0.855,0.2,2.1,113.8,114.2,-0.5,0.074,2.56,13.6,0.008,0.075,0.042,5.3,0.529,0.567,0.151,100.66,0.066,
202699,Tobias Harris,DET,32.0,73,31.6,13.7,5.9,2.2,1.0,0.8,1.2,0.477,0.345,0.861,0.9,5.0,114.7,110.8,3.9,0.095,1.91,14.4,0.028,0.155,0.092,7.6,0.534,0.571,0.173,100.89,0.1,
1628396,Tony Bradley,IND,27.0,14,8.1,4.4,3.0,0.4,0.1,0.6,0.4,0.644,0.333,0.333,1.3,1.7,112.6,93.6,19.0,0.08,1.2,10.2,0.151,0.192,0.172,8.5,0.656,0.64,0.182,105.38,0.16,
1628470,Torrey Craig,BOS,34.0,26,12.1,4.2,2.8,0.7,0.3,0.5,0.3,0.422,0.364,0.667,1.0,1.8,104.9,109.8,-5.0,0.078,2.13,14.0,0.076,0.138,0.106,6.6,0.556,0.567,0.139,98.16,0.08,
1641787,Tosan Evbuomwan,BKN,24.0,28,23.7,9.5,4.3,2.0,0.9,0.4,1.4,0.427,0.312,0.753,1.1,3.1,103.4,108.4,-5.0,0.132,1.41,15.9,0.044,0.136,0.087,11.2,0.482,0.53,0.183,97.96,0.087,
1641739,Toumani Camara,POR,25.0,78,32.7,11.3,5.8,2.2,1.5,0.6,1.4,0.458,0.375,0.722,2.2,3.6,111.5,113.3,-1.8,0.096,1.61,16.6,0.063,0.11,0.086,10.3,0.552,0.572,0.143,99.38,0.076,
1629027,Trae Young,ATL,26.0,76,36.0,24.2,3.1,11.6,1.2,0.2,4.7,0.411,0.34,0.875,0.5,2.6,115.2,114.6,0.6,0.452,2.48,30.9,0.012,0.072,0.042,12.5,0.491,0.567,0.285,105.51,0.129,
1631218,Trayce Jackson-Davis,GSW,25.0,62,15.6,6.6,5.0,1.7,0.4,0.6,0.7,0.576,0.0,0.578,2.0,3.0,107.8,111.3,-3.5,0.163,2.31,21.1,0.115,0.192,0.152,9.1,0.576,0.587,0.164,101.53,0.12,
1630200,Tre Jones,CHI,25.0,46,19.7,7.2,2.5,4.2,0.8,0.2,0.8,0.538,0.396,0.821,0.7,1.8,112.0,113.5,-1.5,0.289,5.49,38.9,0.032,0.086,0.059,7.1,0.578,0.617,0.136,103.35,0.11,
1630544,Tre Mann,CHA,24.0,13,24.5,14.1,2.9,3.0,0.5,0.3,1.9,0.435,0.4,0.905,0.9,2.0,107.0,114.4,-7.3,0.219,1.56,16.7,0.034,0.079,0.056,10.7,0.509,0.537,0.25,99.0,0.098,
1630570,Trendon Watford,BKN,24.0,44,20.7,10.2,3.6,2.6,0.6,0.3,1.9,0.469,0.33,0.762,0.8,2.8,105.1,109.4,-4.4,0.211,1.39,19.1,0.038,0.132,0.084,13.8,0.51,0.557,0.226,97.8,0.101,
1630243,Trevelin Queen,ORL,28.0,31,13.9,4.9,1.7,1.2,1.0,0.3,0.7,0.381,0.286,0.857,0.8,0.9,101.9,111.1,-9.2,0.141,1.73,17.5,0.056,0.071,0.063,10.1,0.456,0.486,0.176,98.95,0.071,
1641725,Trey Alexander,DEN,22.0,24,4.9,1.3,0.5,0.5,0.1,0.0,0.2,0.317,0.176,0.75,0.0,0.5,94.2,105.1,-10.9,0.136,2.2,18.6,0.008,0.087,0.047,8.5,0.354,0.374,0.165,105.44,0.029,
1641998,Trey Jemison III,LAL,25.0,38,10.3,2.5,2.8,0.4,0.2,0.4,0.6,0.554,0.0,0.394,1.2,1.6,105.6,107.8,-2.2,0.058,0.67,12.3,0.114,0.141,0.128,18.5,0.554,0.537,0.121,99.06,0.044,
1626168,Trey Lyles,SAC,29.0,69,19.6,6.5,4.6,1.2,0.6,0.3,0.6,0.42,0.34,0.7,1.2,3.4,111.8,113.8,-2.0,0.084,2.1,15.4,0.056,0.177,0.114,7.3,0.528,0.551,0.139,100.04,0.087,
1630530,Trey Murphy III,NOP,25.0,53,35.0,21.2,5.1,3.5,1.1,0.7,1.9,0.454,0.361,0.887,0.9,4.2,109.0,118.7,-9.7,0.157,1.83,15.4,0.024,0.117,0.069,8.4,0.548,0.598,0.229,102.03,0.11,
202684,Tristan Thompson,CLE,34.0,40,8.2,1.7,3.4,0.6,0.1,0.3,0.4,0.437,0.0,0.233,0.8,2.6,97.2,109.8,-12.5,0.109,1.71,19.5,0.084,0.271,0.177,11.4,0.437,0.41,0.123,100.56,0.083,
1641774,Tristan Vukcevic,WAS,22.0,35,14.6,9.4,3.7,1.1,0.3,0.7,1.2,0.496,0.373,0.776,0.7,3.0,102.6,114.3,-11.7,0.136,0.93,11.1,0.046,0.186,0.116,12.0,0.574,0.608,0.252,102.79,0.127,
1641783,Tristan da Silva,ORL,24.0,74,22.0,7.2,3.3,1.5,0.4,0.2,0.8,0.412,0.335,0.873,1.0,2.3,106.1,110.3,-4.2,0.105,2.02,16.6,0.042,0.114,0.076,8.2,0.495,0.522,0.149,96.97,0.074,
1629660,Ty Jerome,CLE,27.0,70,19.9,12.5,2.5,3.4,1.1,0.0,1.3,0.516,0.439,0.872,0.7,1.8,120.3,110.4,9.9,0.241,2.58,23.5,0.036,0.083,0.06,9.1,0.606,0.643,0.229,101.92,0.134,
1631102,TyTy Washington Jr.,PHX,23.0,16,7.4,2.2,0.8,1.0,0.2,0.0,0.2,0.311,0.19,0.5,0.3,0.6,109.2,105.7,3.5,0.188,5.33,23.9,0.031,0.07,0.05,4.5,0.356,0.367,0.187,98.56,0.049,
1629639,Tyler Herro,MIA,25.0,77,35.4,23.9,5.2,5.5,0.9,0.2,2.6,0.472,0.375,0.878,0.5,4.7,113.9,112.6,1.3,0.254,2.14,20.0,0.013,0.132,0.073,9.3,0.563,0.605,0.271,97.78,0.139,
1642278,Tyler Kolek,NYK,24.0,41,7.2,2.0,0.7,1.7,0.3,0.1,0.4,0.329,0.298,0.765,0.2,0.5,104.1,104.4,-0.3,0.321,3.89,39.3,0.027,0.059,0.043,10.1,0.415,0.453,0.152,102.35,0.072,
1641890,Tyler Smith,MIL,20.0,23,5.3,2.9,1.1,0.2,0.1,0.2,0.3,0.48,0.433,0.75,0.3,0.8,103.4,96.3,7.1,0.056,0.5,6.2,0.05,0.143,0.098,12.3,0.61,0.626,0.205,105.22,0.123,
1630169,Tyrese Haliburton,IND,25.0,73,33.6,18.6,3.5,9.2,1.4,0.7,1.6,0.473,0.388,0.851,0.6,3.0,117.7,114.2,3.5,0.384,5.61,35.8,0.017,0.087,0.052,6.4,0.582,0.616,0.21,100.82,0.143,
1631213,Tyrese Martin,BKN,26.0,60,21.9,8.7,3.7,2.0,0.6,0.2,1.2,0.406,0.351,0.793,1.0,2.7,103.2,113.4,-10.2,0.15,1.65,17.7,0.04,0.133,0.083,10.8,0.513,0.533,0.179,98.64,0.084,
1630178,Tyrese Maxey,PHI,24.0,52,37.7,26.3,3.3,6.1,1.8,0.4,2.4,0.437,0.337,0.879,0.3,3.1,113.8,117.4,-3.5,0.276,2.56,19.2,0.007,0.087,0.045,7.5,0.511,0.562,0.293,98.34,0.127,
1626145,Tyus Jones,PHX,29.0,81,26.8,10.2,2.4,5.3,0.9,0.1,1.1,0.448,0.414,0.895,0.5,1.9,113.6,116.1,-2.5,0.276,4.71,34.9,0.019,0.069,0.045,7.4,0.57,0.585,0.16,99.19,0.099,
203995,Vasilije Micic,PHX,31.0,41,19.1,6.6,2.2,3.1,0.4,0.0,1.9,0.348,0.36,0.829,0.5,1.7,102.2,109.4,-7.2,0.258,1.66,25.9,0.023,0.085,0.053,15.6,0.43,0.462,0.199,97.45,0.061,
1641705,Victor Wembanyama,SAS,21.0,46,33.2,24.3,11.0,3.7,1.1,3.8,3.2,0.476,0.352,0.836,1.8,9.2,112.5,110.0,2.6,0.184,1.13,13.4,0.054,0.255,0.159,11.9,0.559,0.594,0.3,100.98,0.168,
1631246,Vince Williams Jr.,MEM,24.0,27,18.5,6.6,3.6,2.0,0.4,0.3,1.2,0.401,0.274,0.792,0.8,2.8,117.4,116.2,1.2,0.14,1.67,20.8,0.042,0.15,0.096,12.5,0.479,0.504,0.166,105.23,0.065,
1628427,Vlatko Čančar,DEN,28.0,13,10.4,1.8,2.5,0.7,0.2,0.2,0.8,0.385,0.267,0.0,0.5,2.0,93.5,100.3,-6.9,0.095,0.82,19.6,0.038,0.17,0.102,23.9,0.462,0.462,0.109,102.84,0.062,
1630249,Vít Krejčí,ATL,25.0,57,20.2,7.2,2.7,2.6,0.6,0.5,0.9,0.497,0.437,0.711,0.4,2.4,109.7,111.6,-1.9,0.175,2.94,28.9,0.019,0.116,0.067,9.8,0.651,0.661,0.131,102.63,0.086,
1631117,Walker Kessler,UTA,23.0,58,30.0,11.1,12.2,1.7,0.6,2.4,1.5,0.663,0.176,0.52,4.6,7.6,109.2,118.3,-9.1,0.083,1.13,14.6,0.145,0.235,0.19,13.0,0.671,0.66,0.133,100.8,0.127,
1628976,Wendell Carter Jr.,ORL,26.0,68,25.9,9.1,7.2,2.0,0.8,0.6,1.1,0.46,0.234,0.737,2.2,5.0,107.8,107.8,0.0,0.117,1.74,17.2,0.083,0.202,0.14,9.9,0.498,0.544,0.159,97.19,0.099,
1631111,Wendell Moore Jr.,CHA,23.0,36,13.9,4.2,2.6,1.2,0.6,0.1,0.8,0.468,0.341,0.818,0.8,1.8,99.6,112.0,-12.4,0.13,1.56,20.6,0.053,0.132,0.09,13.2,0.524,0.553,0.133,100.73,0.083,
1630214,Xavier Tillman,BOS,26.0,33,7.0,1.0,1.3,0.2,0.3,0.2,0.4,0.245,0.156,0.75,0.3,1.0,106.6,108.9,-2.3,0.043,0.5,9.3,0.041,0.146,0.091,18.7,0.292,0.31,0.125,97.6,0.022,
1642530,Yuki Kawamura,MEM,24.0,22,4.2,1.6,0.5,0.9,0.1,0.0,0.2,0.367,0.304,0.778,0.0,0.5,114.6,102.5,12.1,0.257,3.8,32.8,0.0,0.114,0.063,8.6,0.483,0.53,0.167,106.19,0.086,
1642274,Yves Missi,NOP,21.0,73,26.8,9.1,8.2,1.4,0.5,1.3,1.1,0.547,0.0,0.623,3.5,4.7,107.8,120.5,-12.7,0.072,1.21,12.9,0.122,0.177,0.149,10.7,0.547,0.572,0.141,99.85,0.09,
1642258,Zaccharie Risacher,ATL,20.0,75,24.6,12.6,3.6,1.2,0.7,0.5,1.2,0.458,0.355,0.711,1.1,2.4,112.3,115.0,-2.7,0.068,1.0,9.0,0.044,0.099,0.071,9.0,0.537,0.558,0.203,104.57,0.071,
1628380,Zach Collins,CHI,27.0,64,15.3,6.4,4.5,1.7,0.5,0.5,0.9,0.507,0.302,0.885,1.6,2.9,109.4,109.9,-0.4,0.162,1.85,21.9,0.096,0.177,0.136,11.8,0.56,0.605,0.166,102.77,0.106,
1641744,Zach Edey,MEM,23.0,66,21.5,9.2,8.3,1.0,0.5,1.3,1.3,0.58,0.346,0.709,3.5,4.8,116.8,111.5,5.3,0.059,0.74,10.2,0.153,0.204,0.179,13.9,0.6,0.624,0.156,104.2,0.111,
203897,Zach LaVine,SAC,30.0,74,35.2,23.3,4.3,4.2,0.8,0.2,2.8,0.511,0.446,0.825,0.3,4.0,115.4,116.8,-1.4,0.178,1.49,16.7,0.009,0.107,0.059,11.2,0.609,0.639,0.251,101.28,0.115,
1630192,Zeke Nnaji,DEN,24.0,57,10.7,3.2,1.6,0.4,0.4,0.7,0.2,0.496,0.327,0.614,0.6,1.0,107.3,108.9,-1.6,0.051,1.64,11.6,0.052,0.081,0.067,7.0,0.557,0.574,0.119,102.16,0.063,
1630533,Ziaire Williams,BKN,23.0,63,24.5,10.0,4.6,1.3,1.0,0.4,1.1,0.412,0.341,0.821,1.0,3.6,106.5,116.2,-9.7,0.086,1.25,11.6,0.037,0.154,0.093,9.3,0.511,0.55,0.179,97.77,0.081,
1629627,Zion Williamson,NOP,24.0,30,28.6,24.6,7.2,5.3,1.2,0.9,3.0,0.567,0.231,0.656,2.5,4.7,113.7,115.5,-1.8,0.325,1.77,18.5,0.08,0.152,0.116,10.5,0.57,0.6,0.325,103.3,0.167,
